#"Step","Potential Energy (kJ/mole)","Temperature (K)","Density (g/mL)"
1000,-75305.20023269561,374.7540895628833,0.9060155175683094
2000,-80379.08416645869,318.7222338439142,0.9499829502865417
3000,-82288.72672942886,306.6274432524333,0.9794296124833806
4000,-83081.34223318333,298.1917360641488,0.9795942409442553
5000,-82774.35744705866,301.9900740462367,0.9885104583167369
6000,-83100.89479990117,304.89495839294074,0.9820993086874084
7000,-83612.2928176985,299.14151081602546,0.9882141588450583
8000,-82980.5275659723,306.4840616458577,0.9868240392360185
9000,-83142.75404177915,299.59152804723254,0.9851519830881855
10000,-83073.44800481678,297.81391442081764,0.9878076040477525
11000,-83531.35122525296,294.39813881946327,0.9826883989499141
12000,-83235.49604961951,304.5764728537708,0.9806358515455131
13000,-82685.91529734479,299.23916542471693,0.9847720208940655
14000,-83278.71255413292,297.78727261859416,0.9863026608679893
15000,-83221.2109067755,306.5006888655685,0.9730660907899806
16000,-83371.11760931188,304.7233266073098,0.9928289274943348
17000,-83324.23834078008,301.39507910554204,0.9905479668091648
18000,-83124.69518579158,298.74173143643134,0.9808724469864439
19000,-83238.24545205466,296.57072598519625,0.9880122132278801
20000,-83063.17117320665,294.45581580976267,0.9768848875839325
21000,-82592.6028097932,297.01339091486375,0.9786315227101554
22000,-82999.61319064884,300.03270513069197,0.9850549144152917
23000,-83088.87828184222,303.5882618470443,0.9765493662482353
24000,-83138.0211513575,298.7256174162148,0.9751459416130462
25000,-83389.97806566668,299.70298196129716,0.9872780658474958
26000,-83201.74572334858,303.8309540017876,0.9823463542777747
27000,-83087.47246888973,303.20684298625844,0.9846466193945691
28000,-82633.94517374382,300.9646184545284,0.9839445134957986
29000,-83109.54229639238,304.4240807444062,0.9713594422792313
30000,-83004.1996023808,295.2311970690687,0.984317902421263
31000,-83031.5115435897,298.69639788203574,0.9808676006690025
32000,-83689.03921296349,305.59066215412645,0.9838281139796529
33000,-83186.79365809221,303.7974860126,0.9840712695509847
34000,-83765.02881052723,300.21249779264815,0.9932098192167003
35000,-83489.07396788977,297.38660901600326,0.9894876044117736
36000,-83325.4862467284,293.4533998301426,0.9866858601523399
37000,-82818.18408698909,298.1925407102743,0.9786640581421715
38000,-83054.00305504567,305.3199966981661,0.9784879147879422
39000,-82987.0781572428,304.57390114461714,0.9770486674125541
40000,-83712.53782264667,303.1675673984313,0.9854670027914241
41000,-82988.02508645272,299.77083094393413,0.9896074619494514
42000,-82630.16478690767,298.45507400805,0.9740664061309317
43000,-83031.1469000869,301.6015595312986,0.9850801916845567
44000,-83363.66275383666,295.0663765828494,0.9865613657795022
45000,-83464.12886087323,297.43656368462854,0.9899344271414593
46000,-83227.62146463874,299.7563911896711,0.9849688075057274
47000,-83020.05619106989,299.68789666102487,0.9839762698691131
48000,-82987.71591097483,299.62297925546403,0.9797536316240466
49000,-83110.47480908438,303.585131341696,0.98092670859879
50000,-83257.9037963071,304.4240893163319,0.9947756182280002
51000,-83158.13200253452,303.39847495327984,0.9933806961385151
52000,-82732.85951796151,297.9168614221121,0.9758905281566986
53000,-82676.95985363825,299.910360197076,0.9891193827993418
54000,-83188.81175467774,299.57673312420485,0.9882628347436356
55000,-83441.56908654585,301.520955922351,0.9783079899354841
56000,-83023.84472668672,301.34677553970164,0.9785236746845201
57000,-83063.53078456793,296.429169656335,0.9806945697336494
58000,-83501.58315490268,294.4633059333064,0.9879275391495637
59000,-83499.54061907879,301.88461243242614,0.9937882965657414
60000,-82928.7689154537,303.57106109005645,0.9872779706038184
61000,-83059.44077947485,304.1636802539726,0.9867393310989435
62000,-83020.50946912728,299.75797669602525,0.9676597184029102
63000,-83188.58359428652,296.4198971585264,0.9830809994191492
64000,-83241.82508383569,299.6692532521931,0.9887682809544611
65000,-83108.60942118766,301.3245984119507,0.9820246714732781
66000,-83526.56460641063,296.4954607135796,0.9917563376271062
67000,-83312.41377326567,299.56518751489995,0.9935775048740813
68000,-83455.71187338291,303.1477623137478,0.987150275942191
69000,-83097.23025810905,298.4869354170983,0.9774248149476703
70000,-83009.74127930164,304.89914619268524,0.9791912237224943
71000,-83203.41141009593,301.7931976214846,0.9805554380446003
72000,-83472.90088098531,300.73578024961853,0.9852208035148556
73000,-83153.16261436936,299.43028870060493,0.9842339341713207
74000,-82822.72261511761,297.3863602647467,0.9936106998926689
75000,-82827.39739018801,305.1535431417372,0.9881936770368426
76000,-83509.1146048918,297.3734857066989,0.9826542998740022
77000,-83131.65642750956,290.2453299414185,0.9743882852775791
78000,-83429.37690564629,302.84842744865983,0.9869461579307723
79000,-83227.69183369464,302.83989681257935,0.9784488653143893
80000,-83666.17144614761,304.7733155763982,0.9903719593286329
81000,-82306.38670014899,296.5869778911123,0.9803542716872226
82000,-82662.0307788708,299.3247853420963,0.9749126770502418
83000,-82851.04646296438,299.9223179107345,0.9912637782646037
84000,-83057.58963135415,300.5850180296233,0.9893059424709977
85000,-82866.77875006752,300.21051356597144,0.9823498219306444
86000,-83054.18733820773,296.5939117711928,0.9787500923558622
87000,-83507.36888949556,311.77508282093856,0.9945910441317766
88000,-83493.92424283386,302.6896295575517,0.9838554140634819
89000,-83560.37660569762,300.7139801256421,0.9853926831866572
90000,-83077.32717684424,299.28392966175346,0.9876152676497147
91000,-82997.20013825753,292.9410045647964,0.9869697388348552
92000,-83219.42025750689,305.86817524898174,0.9947953229039378
93000,-82798.14568180416,300.1331850078482,0.9810453063944728
94000,-83284.54802191572,300.7986724526038,0.9822819843716857
95000,-83271.8851213741,294.42786623698174,0.9922352306536665
96000,-83107.33214507828,301.43328331571655,0.9835021856189762
97000,-82964.9867582561,299.7223746826642,0.9795517273517222
98000,-83081.10961719719,296.0404620382201,0.9839790910173611
99000,-83252.48274463596,302.84613152260005,0.9808693412532115
100000,-82766.57603382395,298.53278749960174,0.9802822343891339
101000,-83431.17138656764,297.1873786063809,0.9900407029533597
102000,-83431.25687087048,301.27419440398404,0.9870529328868501
103000,-83601.08524213673,300.8987412753689,0.9799323430972948
104000,-83286.41058678832,300.99110319998954,0.9762290620908198
105000,-83123.34439673234,300.4510266418686,0.9904589243955053
106000,-82963.0658360357,298.2224927668899,0.9741135818464403
107000,-83321.04983282706,308.32338969263805,0.9838298547363743
108000,-83224.16901352169,304.5028124508198,0.9829846155128485
109000,-83700.12874978996,298.3142632576195,0.9838447595027972
110000,-83364.08643273596,305.9004474902474,0.9854351919446037
111000,-83278.5055217814,297.14349204388014,0.9856275876085379
112000,-83142.00994459883,301.9736344265746,0.9772284745951021
113000,-83188.47118909837,300.6430004631064,0.9827608475915967
114000,-82900.9844247158,299.44307907612796,0.989693993358743
115000,-83505.37371563492,300.9926998874261,0.9930189881231734
116000,-83137.29803340469,299.42291867925036,0.9891935200882934
117000,-83177.58037732425,297.10804696968944,0.9872547501968141
118000,-83028.1205260714,306.28079093654287,0.9826501255598503
119000,-83219.54080047063,299.83287996115223,0.992703397492541
120000,-83037.24292711407,300.60631274810913,0.9830271499274991
121000,-82937.33457032434,298.1744769159525,0.975886111844331
122000,-82782.41636074346,297.19793035852626,0.9768362412594248
123000,-83544.46113890293,305.2849110389884,0.9843393648516527
124000,-83552.38781204482,299.34708861611347,0.9749606470009029
125000,-83166.37650922308,298.41118653773185,0.991744665441941
126000,-83268.52263699286,295.7085664228282,0.9901480995188022
127000,-83359.03878567967,302.895397736053,0.9966266916543287
128000,-83585.10413928598,296.8532873926324,0.9876080306698526
129000,-83351.99887617474,295.8457583709588,0.9816392232681901
130000,-83042.80869103101,298.79155435817626,0.9851717640801926
131000,-83131.73752356577,300.05427012193263,0.9803260821613997
132000,-83325.9781992386,300.78938248183965,0.9783731712430346
133000,-83437.01646266639,304.87874940577416,0.9960490437458045
134000,-82941.01032082515,301.55269960768686,0.9754721783544549
135000,-83194.64686159458,300.2651950981594,0.984230960547261
136000,-82833.47279215168,301.4580700571258,0.9818496397199477
137000,-83290.56543408096,289.1033649187685,0.9823929597359436
138000,-83038.63565938926,304.9546778828561,0.9826288795178171
139000,-83462.1951445819,305.3069764987169,0.9931002166756256
140000,-83078.64698823978,301.4847673375686,0.9830314917668362
141000,-83336.79854023439,302.50052257887575,0.9827165436057953
142000,-83450.74762637564,300.96608747646326,0.9897259869629853
143000,-83357.19013574661,309.0653186214147,0.9796115098095809
144000,-82490.32927466836,299.8480216198825,0.9775924228734222
145000,-82801.3731188231,301.1516094011808,0.9861543889595997
146000,-83046.78808045335,306.3702252465906,0.9905453914721541
147000,-82716.31357636885,292.9732000877414,0.9740883901209799
148000,-83324.93985814741,297.6050727853768,0.9814940997492543
149000,-83224.82412296243,296.5207966295037,0.9877569349909285
150000,-82966.35911163979,297.4445221008976,0.976990927993411
151000,-83551.33709547506,303.84250513474393,0.9857928769698587
152000,-83134.91452976473,301.8912337083209,0.9832287324897402
153000,-83065.43242042919,298.3111637446488,0.9908748358430124
154000,-83540.82357765007,301.0718121753479,0.984810325286519
155000,-83182.33561675769,300.8379995300484,0.9862032186907754
156000,-83130.65543405741,303.44072187340134,0.9842390935929239
157000,-83167.9440076878,304.3076598532371,0.9798463099404159
158000,-83022.3873166712,303.24102101635464,0.9758385640799238
159000,-83466.54504385969,301.42885193252147,0.9854499275209108
160000,-83637.8937284798,293.45644868853077,0.9877521569078774
161000,-84077.70850458113,296.2433741833739,0.9835723513315738
162000,-83511.32533483021,300.2309114557789,0.9828736977071203
163000,-82875.45563448837,301.8196053587803,0.9837072735111674
164000,-82913.96906721417,308.79983803441826,0.977833811178999
165000,-83627.74658237246,299.7969947308954,0.9867176730050466
166000,-83093.78393953783,299.51800906037715,0.9862139486847809
167000,-83073.7648662809,301.6089669582068,0.9788014215954086
168000,-83572.23958483379,303.7649358330278,0.9891100158379773
169000,-83317.85770275415,301.4668791149096,0.9896232211868965
170000,-83158.95552974904,298.8987491407625,0.9780495823666703
171000,-83065.57799998636,302.28135045780357,0.979231865939235
172000,-83199.60316776962,303.17953538475354,0.9775185188336487
173000,-82981.16070799454,296.9911038633869,0.9843623115090797
174000,-82649.13082422508,298.9626491359009,0.9766523099952794
175000,-83295.37265931239,299.33750666818537,0.9877038287182254
176000,-83303.84330118925,295.79122308050773,0.9878611956668334
177000,-83043.12478381139,300.60364791610425,0.9891624957629568
178000,-83313.72098494449,301.2525641417827,0.9819781417501084
179000,-83166.64786420326,297.40411327607177,0.9813230886830255
180000,-83100.46260412084,298.53312480412376,0.9879784578564755
181000,-82902.06594040309,293.37032393197336,0.9761863466675534
182000,-83211.62913378864,300.1780000476682,0.981478540593888
183000,-83316.6239969348,301.67391555837605,0.9973987068051092
184000,-83135.41775399493,302.4526195328678,0.981003615068802
185000,-83542.63979029626,300.62181447960336,0.9872196433874401
186000,-82997.10767032037,306.79194128960836,0.9885628427067028
187000,-83059.04548839101,298.95349545007565,0.9896109688963292
188000,-83122.9932885961,302.11047135068515,0.9745929624883866
189000,-83133.47245579225,294.20352097448597,0.9799290320063331
190000,-83172.15761519305,302.28704238659606,0.9857647996187813
191000,-83337.3743747886,299.2657754090665,0.9826783470816968
192000,-83122.85730953928,303.77582071975576,0.973644585563806
193000,-82885.13088757574,300.25023092800046,0.9870128081661707
194000,-82763.95245605917,305.6810330731766,0.9695108518164112
195000,-83052.49699138239,303.54906845320903,0.9896735180735907
196000,-82913.98599063471,300.81438886609686,0.9829064689700822
197000,-83321.90869373537,299.9264664256373,0.9969780140732082
198000,-83260.27088669734,302.06124978857434,0.972510226399462
199000,-83688.48931725987,302.4244494607369,0.9903393207422492
200000,-83313.94977562805,300.7997587583332,0.9906853024245799
201000,-82718.54248415056,297.995169174285,0.9843072384483018
202000,-82984.28675987531,298.6628370614155,0.9878010818808629
203000,-83429.6726654392,304.5627344615324,0.9939817575490223
204000,-83072.81375566445,299.13035046236945,0.9795980369681214
205000,-82745.63932720968,302.64637833078893,0.9795579224226285
206000,-82808.91814709193,303.3058246429391,0.9821271818007423
207000,-83281.90938018454,305.15923399279416,0.9860901197423818
208000,-83097.90667118318,299.5051147591853,0.9808186308491885
209000,-82721.67735688202,301.0684966789664,0.9941169564790852
210000,-83421.22670942382,305.066598438876,0.9765185247117305
211000,-83163.14340934082,302.9532760236185,0.9884331747457314
212000,-83182.58120873198,301.69078693855755,0.9770725938522793
213000,-83391.49195955903,298.88288044745514,0.9952989692623873
214000,-83223.77865571389,303.41180012973086,0.9817121218360781
215000,-83243.67208384135,302.1537182692654,0.9905149069900486
216000,-83627.39228031103,297.35134441005437,0.9937315994854987
217000,-82905.46718337026,289.02086541582173,0.9744823248445952
218000,-82850.9825952748,299.64872639968,0.9754232068395947
219000,-82902.12257962278,310.3070507842401,0.9769695481667943
220000,-83236.80285532284,302.4479556237003,0.9830484126595992
221000,-83033.92565761367,310.09178362746326,0.9852828341291218
222000,-82457.88917435147,302.77452597851857,0.9749870690077407
223000,-82684.38626205124,305.8361412125076,0.9785601968614336
224000,-83375.73437089112,301.0466005210095,0.9818487825412245
225000,-83125.96668580326,287.46330758715555,0.9904949750274978
226000,-82669.59649900376,306.8635020357284,0.9790129764941604
227000,-83164.42002770747,295.89451331297255,0.9751067508086141
228000,-83034.40962246625,299.69185684489685,0.9844012489737282
229000,-83537.18690638366,295.6841599071712,0.9835031009019667
230000,-83070.11625047377,299.55430313078284,0.9818801537840802
231000,-83538.0320409254,304.5097347054602,0.9926733708285749
232000,-83308.44267574535,303.6625035219086,0.9825439542463144
233000,-83212.03752354276,301.5534921742357,0.9978744273592401
234000,-82878.77162518387,295.9890161355288,0.9799306171158085
235000,-82582.57194657606,300.0054455502017,0.9735144080070338
236000,-82843.60157520528,305.0253280930509,0.9862217911569573
237000,-82654.38585192594,297.810436537392,0.9934434668583353
238000,-82541.62189518916,301.01735177562813,0.9856254041920276
239000,-82986.01790678309,301.51919281642586,0.9857310257282179
240000,-82773.0335550516,296.61500404879234,0.9847163144200731
241000,-83781.19336285692,298.4408444890913,0.9920251557789513
242000,-83558.59013647167,299.4121018842615,0.9952903918292385
243000,-83284.76055714051,298.9933946890338,0.9861559656792623
244000,-83537.86219687265,300.38141040292453,0.9869724742003768
245000,-83531.63907179137,295.8223020871765,0.979541458050503
246000,-83230.84152529872,300.3756788369315,0.9823654911276901
247000,-82781.8178223361,304.71137203170036,0.9831594283813522
248000,-83120.70451738947,303.96410949167273,0.978061450387729
249000,-82961.18701923458,301.7694102099511,0.9856829514935893
250000,-82967.84968939336,296.70995656872475,0.9940942147615995
251000,-83670.94709392643,294.96263248149694,0.9836288619353407
252000,-83315.94385933422,302.21021637341545,0.9906601453328866
253000,-82989.90909768909,307.64732067872734,0.9831205729692565
254000,-83610.38398634485,300.36925027352817,0.9876095401826971
255000,-83654.70970676816,302.09869479831633,0.9866952752370116
256000,-83241.51095069567,296.2135444582091,0.999616222178754
257000,-83225.3444864038,301.8411287467287,0.9871279318848086
258000,-83113.84450643149,294.26639997737004,0.9807657845240271
259000,-83377.28680988966,304.50930880989864,0.9888386586288506
260000,-82693.4987337949,297.8631130864396,0.9759137821936298
261000,-83079.66637843853,301.83456606800866,0.985385064414321
262000,-83031.30066952424,302.3628169105575,0.9820843746321233
263000,-83175.28628129745,296.2364602166555,0.9900504957188433
264000,-83610.87790555868,305.13153605679224,0.986243184094769
265000,-83517.8228630331,289.7462445943791,0.9864381905710068
266000,-83496.73024485802,300.09548696754194,0.9901486250918906
267000,-83539.97715181176,301.7254895321019,0.997827070941262
268000,-83026.81185116182,296.8346755966651,0.9795442063783376
269000,-82790.33007963758,301.40655527620214,0.9959480651322119
270000,-83075.44726567867,295.03368922180806,0.9799359062517715
271000,-82825.40927904891,301.32251685786593,0.983114267196085
272000,-82987.49542269122,300.06593944902966,0.978289144571592
273000,-83034.3050644978,300.4544412998219,0.9826482279776309
274000,-83193.6066833511,300.90783699385037,0.9745054237963663
275000,-83336.72630688502,299.0921443651794,0.983715480753205
276000,-82977.29479385377,293.9304438894172,0.9817280229639113
277000,-83409.78268213634,301.6886549643706,0.9816080492269594
278000,-83294.07039530936,300.2190934306122,0.9830935674063846
279000,-83287.99127524346,296.6868574185047,0.9818537952073194
280000,-83099.03310291562,303.6196111072173,0.9775340804803565
281000,-82841.00527896849,298.44294402885913,0.9777182462077698
282000,-83274.13626210683,299.5920930003638,0.9979055195412532
283000,-83077.35945373424,297.34869328120027,0.9845799185719489
284000,-82729.75118948298,299.1243763760146,0.9871151634866672
285000,-82819.8283626,297.00970290375966,0.9802966528047237
286000,-82752.86520546564,302.3245093524293,0.97802264226128
287000,-83545.92070930201,304.066464667304,0.9905345212697009
288000,-83097.11800086481,293.2361247913074,0.993887069621686
289000,-83011.38037424366,293.74193664523375,0.9803097667399707
290000,-82917.405481947,294.94982453045543,0.9780930736607172
291000,-83268.7178568652,296.54231123743307,0.9879215345541489
292000,-83291.95402910718,300.44617429841725,0.9813518024937649
293000,-83186.49342575617,301.62496681603074,0.980483439330335
294000,-82981.15405512147,300.8611911672006,0.9840799630871958
295000,-83652.92087618378,303.009264836871,0.9970057514493837
296000,-83299.32459298219,299.0292315210286,0.994613442060351
297000,-83012.16524816368,299.1227118524967,0.9865223334055447
298000,-83248.68637448689,294.7984557957702,0.9925772040742714
299000,-83384.6778061096,303.1436897033611,0.992447826241928
300000,-82886.5146031382,298.5178323480332,0.9942864564216677
301000,-82947.60842070082,297.05291696339395,0.9883020379576615
302000,-82891.14231904829,303.52346453124085,0.9834839182105756
303000,-82667.42197878007,301.98146836576996,0.978342875140439
304000,-83007.26015052391,304.60209997197524,0.9869587693684698
305000,-82738.62666592392,298.50161476373034,0.9789343833356644
306000,-82837.53175361629,298.7261862577746,0.9804409896193721
307000,-83567.6893997261,296.2411874739166,0.9944986120842499
308000,-83087.60323306272,298.27722776405716,0.9859218058758057
309000,-82742.97626418801,297.45736038327624,0.9823929590805491
310000,-83264.27970238373,299.44653687430093,0.9898828884214639
311000,-82731.37762166199,303.19958567797903,0.9734293227524368
312000,-82822.0349756243,303.3291708931555,0.980347288963584
313000,-83453.12959839217,310.30123896905275,0.9859865689853525
314000,-83305.80154203187,303.4707991949075,0.98193981371006
315000,-83534.25423211738,297.0938564372299,0.9853895352170735
316000,-83015.71502194641,299.43911193339954,0.9851264174942603
317000,-82407.59204742534,301.4107634295164,0.9656859397059978
318000,-83218.43294296117,306.8706678126136,0.982269917768016
319000,-83157.00226280536,301.2164260566145,0.984162447868513
320000,-84178.03154719138,294.158564737288,0.9884254702491059
321000,-83586.2001925921,297.07470545588023,0.9890709916324276
322000,-83239.12470852968,294.3468960651658,0.987767348367415
323000,-83036.6910094769,294.6039252270464,0.981729942105002
324000,-83558.68839400756,292.93833179211884,0.9862905558055248
325000,-83252.91537548136,294.97458622409454,0.9855266682886403
326000,-83153.33680906764,304.5581410934949,0.9826636286399427
327000,-83323.86176478543,298.44575640070997,0.9809797434424683
328000,-83449.87223056343,299.49630082922465,0.9852760418421415
329000,-83057.15983791131,301.38013663483224,0.9800581328480066
330000,-83211.72116500238,301.50300745037754,0.9862146662323727
331000,-82873.18688561826,300.9829017053119,0.9795487321642359
332000,-83047.61522814207,299.29784431629145,0.9862552199566029
333000,-83477.46417608485,296.50076687757644,0.98189270395468
334000,-83231.18592556036,290.2899115225688,0.9833548801204067
335000,-83014.28974061663,303.4502414806927,0.9744993585075016
336000,-82951.88011136005,304.297186294843,0.9892328202960036
337000,-82879.1121347553,297.6643688918691,0.9760349258241179
338000,-83234.59999724629,301.6012561891467,0.988114978709023
339000,-83250.56998457218,295.81515219618467,0.9905882335690633
340000,-82869.06388822314,293.1818103701824,0.9779887911181597
341000,-82757.07488107699,299.7688924444819,0.9867230764913749
342000,-83257.03020971717,297.23488844277114,0.9775881318314183
343000,-83016.7216723297,294.2307129180268,0.9893251935786057
344000,-83220.6835347591,297.7828092859037,0.9905754489706924
345000,-83318.49477953574,299.09027680491926,0.9813753456034789
346000,-82937.12749933789,298.43151911262487,0.9791228050595315
347000,-83235.28336793446,297.9940006273551,0.9843331764591526
348000,-83377.31748665037,294.89980501288045,0.9946331275423967
349000,-83433.71382249286,301.9865381953945,0.9890204794538272
350000,-83378.19332511362,306.6823596662053,0.980173588657754
351000,-83364.45717413956,300.86980125152246,0.9794531885611145
352000,-82805.4590875124,301.75042772710094,0.9822501951757736
353000,-83224.1107057379,305.65003412228197,0.9972427615644729
354000,-82968.49869524012,297.484185162959,0.9918965047957335
355000,-83092.38443942781,312.51505806586147,0.9795664320672937
356000,-83036.07816932391,304.60135729741364,0.9794299940314167
357000,-82621.3150230422,301.092400954171,0.9807000691380225
358000,-83051.42276115099,307.5614984824728,0.9837892195081842
359000,-83138.01981062326,304.1906525721906,0.9765166640168992
360000,-83155.36722020415,299.0678255282902,0.9800130672879802
361000,-83252.68447633914,301.4361616713644,0.9917669028721539
362000,-83060.3943855181,301.2154364997634,0.9702019716059701
363000,-82737.86921535654,287.08468502630683,0.9760690851007241
364000,-82785.88581744628,299.7547029721063,0.9835221220166219
365000,-83392.80651968665,300.4518086699878,0.9880666463337935
366000,-83311.04362054559,301.17664541484027,0.990269435077879
367000,-83406.1966125741,303.1060580079026,0.9897819051305489
368000,-83165.8821496949,308.8572829173015,0.9854237545547443
369000,-82995.51841659978,305.2524243973771,0.9888347856240567
370000,-82990.06720396364,300.629682993051,0.9846810408802719
371000,-83606.60573474958,306.48074866290204,0.9856897680756935
372000,-83278.26567792794,291.82289439715356,0.9888238703859346
373000,-82985.75279796089,301.9416866542651,0.9817448213400685
374000,-82898.32697662315,297.029438116051,0.9734075833359846
375000,-82953.17940373463,300.7144352890945,0.9744377945796052
376000,-83168.37300697633,299.8309678316912,0.9833870969261307
377000,-83016.18995416217,292.6475904133901,0.9928248577774996
378000,-82882.3136703883,292.9384682351339,0.9871043542132775
379000,-83034.27144980268,300.466804213292,0.9892048363876376
380000,-83261.0893167893,306.1360361570743,0.9895796204226674
381000,-82949.46496845654,302.1588781665294,0.987186540909942
382000,-83037.80896262557,304.474358041943,0.9854580121837087
383000,-83141.31657649239,305.91761853904023,0.9926519471833319
384000,-82718.95999805833,299.52962113595134,0.987189380407967
385000,-83004.12977795908,302.34285332654116,0.9811874484820796
386000,-83402.17617852578,300.8299426968636,0.9817490706548277
387000,-83048.68860667729,300.6132042848287,0.9786588278533717
388000,-82880.4886072303,304.9618830857098,0.9846394103883518
389000,-82993.99517638359,305.61237579793993,0.9908507326029246
390000,-82968.6258270322,298.40894222859686,0.9839964903087163
391000,-82944.17437440396,304.3067002401166,0.9738213016870177
392000,-82826.3834129736,303.4863189221493,0.9798624934601398
393000,-83620.01443642261,299.44002291670654,0.9933176636435422
394000,-83223.13545381255,301.6625378830205,0.986042120068008
395000,-83031.88717780897,296.5580305884255,0.9870530774065637
396000,-83208.21336823102,303.6626420704032,0.9921585597994192
397000,-82758.1438810167,302.24747541704664,0.984899839323103
398000,-83216.02926957305,308.66590200295286,0.9899670045067774
399000,-82841.14020283148,303.57312501739386,0.9834065962566038
400000,-83023.51984474837,304.89589039889796,0.9859608212174186
401000,-83149.85589456279,304.782185357023,0.9782433010144008
402000,-83393.39840029838,299.24589576328015,0.9840242619769932
403000,-83424.32872169267,305.2320913333693,0.9753916481323165
404000,-82907.58629398176,303.4819443161823,0.99315157711199
405000,-83107.67916195357,301.95824200717504,0.9893032021317327
406000,-83267.03691374674,300.2464302943063,0.9874465044427907
407000,-83150.31135900388,302.57429632893866,0.9942233056044064
408000,-82770.66570638667,302.65075708724424,0.9760036563115075
409000,-82744.64485888352,308.4156629188733,0.9775304175850453
410000,-83073.22465084842,299.88836402560537,0.9934991516024023
411000,-83350.89384471328,300.40186041149485,0.9820908115392969
412000,-83415.19976346643,298.6856371436353,0.9775069306578951
413000,-83209.66732431925,303.66209864390953,0.9891176964190835
414000,-83167.68367964198,299.39329957345274,0.9926097267634203
415000,-83204.05891688209,297.14815679880945,0.9839919497840128
416000,-83084.5291734396,302.9721419803393,0.9775817549505382
417000,-82954.46268047293,306.2037951540487,0.9922993856221429
418000,-82963.69453379227,301.1087556319635,0.9848683129212398
419000,-83138.18074705807,301.95176256956324,0.9808101027609242
420000,-83798.89785277657,298.0303826445662,0.989615069475407
421000,-83144.6074403812,298.842287407022,0.9856364666983581
422000,-83263.55644147209,299.390714635778,0.9954992515894063
423000,-83101.44389363931,302.6869744127269,0.98443344413792
424000,-82790.99200325791,292.5466590941628,0.9894290613145538
425000,-83054.26604703354,305.22726659003166,0.9793525397146844
426000,-83437.40474050376,299.32500392926676,0.9883263692541429
427000,-83538.08708731935,293.9765076606967,0.9774286146044506
428000,-83238.23894135567,295.5755437052609,0.97764458201576
429000,-83404.16987209074,304.2832467795576,0.9751981425990315
430000,-82903.93855140539,301.54917201603183,0.9748298195709209
431000,-82490.04497173545,298.9395667993549,0.980771535868884
432000,-83375.40867076995,307.34392528413116,0.9815989895787044
433000,-83025.88338510331,296.13408030569127,0.9811481528417345
434000,-82911.41086535924,298.3171937759248,0.9829918956094176
435000,-83430.22382913332,301.7540082839899,0.9827120048913079
436000,-83083.13021703617,299.90569256020586,0.9865798766587579
437000,-83070.25111433398,299.3141097477336,0.9842269029140956
438000,-83311.9290620127,297.3914427769251,0.9885152148539754
439000,-83315.95315988007,300.8791819634702,0.979412912506005
440000,-83054.8112380529,300.2145816023155,0.9887776023511305
441000,-82729.65400910086,298.47975131711274,0.9853248795774464
442000,-82577.7905766769,302.5228428003407,0.9872440126080995
443000,-82744.92615589505,306.94202177112226,0.9723963662391208
444000,-83156.0828717238,303.2789364704197,0.9826268750676365
445000,-83187.74748028629,302.758501729777,0.9825797387044033
446000,-83212.13760408608,298.97022078782015,0.9917799204024424
447000,-82851.63878416177,297.75129753048907,0.9843766092927824
448000,-82912.89198871446,307.48969288580423,0.9791729860196633
449000,-83315.33788199548,306.3445673982408,0.9876909929551652
450000,-83538.68315212295,297.99206990338195,0.9986487111922686
451000,-83409.9491469083,299.52408006006374,0.9766598226410594
452000,-82787.46233545436,298.3867988275997,0.9818875444221912
453000,-82657.9610568732,299.37815458837133,0.9687988360641735
454000,-83026.22624684992,298.4296306409829,0.9813643881442782
455000,-83067.87838524574,300.9016702157151,0.9811649192155977
456000,-83652.26055722818,295.6387759259488,0.9793824337322093
457000,-83648.93673799431,292.34714347783887,0.9977374268153288
458000,-83542.8452344425,297.49619748127134,0.9752615442242119
459000,-83260.5852130662,291.3193104707589,0.9868546883614171
460000,-83730.38060262532,300.0311021825448,0.987187050270654
461000,-82943.01597970375,306.2059412992735,0.9871638648896681
462000,-83557.48090222658,299.21317221532496,0.9915021553830953
463000,-82659.86081884103,299.2527447815732,0.9763457224374988
464000,-82572.83225181978,298.4051471706009,0.9753132192268744
465000,-83406.28840957204,303.1800520874417,0.9854419084179186
466000,-82971.87702720222,296.6803031380563,0.9772669024980376
467000,-83460.73326827754,299.03351008291474,0.9749672832468708
468000,-83665.3209687001,299.4931249421859,0.9797132724262768
469000,-82565.27167602128,302.4424348190113,0.9726438638865402
470000,-83057.00000644778,298.0427005622225,0.9880276892775708
471000,-83675.59456658334,300.5147684327118,0.9902567429005906
472000,-83186.0504634307,303.7757630423997,0.9877028300186332
473000,-82947.9922394533,306.4805563858041,0.9806408896430356
474000,-83222.40499874449,302.17305505734555,0.9879517944921443
475000,-83216.33602611069,300.8360567816467,0.9833518189181017
476000,-83178.98471174552,301.22875816009565,0.9920860774224088
477000,-83034.06138076243,298.3514476278106,0.992317193344855
478000,-83337.44522214402,301.61257968335667,0.9895596934562682
479000,-82816.99878993223,291.8597624439602,0.9777713815768145
480000,-83310.69624567422,299.0739298307248,0.9908268951775677
481000,-83599.13863966306,303.1012697889882,0.9839687826799568
482000,-82899.09030462615,299.436115974914,0.9806136207832742
483000,-82769.88791338808,299.1798226672238,0.9770154058797423
484000,-82531.66039492842,301.14120076664517,0.9804903870287868
485000,-82623.558865414,298.71600282421747,0.980185935268775
486000,-82597.37207049574,301.3753413287765,0.9828573243153815
487000,-82891.59182461008,294.9438757524672,0.9945223399742901
488000,-83585.18296192127,302.9749177467627,0.9851899423593948
489000,-83340.03452342487,301.7753880535444,0.9846450012330271
490000,-83246.27825163607,294.0844726678253,0.9941798703744107
491000,-83694.35378582525,300.6788853503349,0.9927233640146209
492000,-83502.86089270707,298.0207839871651,0.9861397158728147
493000,-83235.94168260333,296.53766128175965,0.9926570129048973
494000,-82922.55784734857,297.154014251679,0.9805471930011485
495000,-82960.28869379155,300.06618450307616,0.9855704467712323
496000,-83082.23137119453,306.51221984688345,0.9889502029323024
497000,-82875.41969190567,301.22561399512375,0.9793814162571013
498000,-83076.79424185451,298.37119659054446,0.9877194544781608
499000,-83509.13780725026,297.89764569141846,0.9960092114136859
500000,-83176.44537081005,297.23359673347915,0.9893276409516215
501000,-82697.58102643711,300.8941878255982,0.9839075767541428
502000,-83361.09775071451,307.1486825927276,0.9937534298901672
503000,-83099.89031091816,304.35564220128856,0.9912997471359015
504000,-83461.96284591669,306.67945577531026,0.9952710881591891
505000,-83139.242510334,299.86396013541446,0.9834220144000301
506000,-82827.04754453257,297.95137976079286,0.9762544147687126
507000,-83234.16568209749,294.3855635678062,0.9920220830349494
508000,-83040.15838435764,294.27340491022676,0.9930842656322381
509000,-83473.1513596386,301.24660147646915,0.9887274139232948
510000,-83222.64346114203,305.35122229642326,0.9878543843006522
511000,-82760.49984354759,300.2820589695466,0.9755587845899557
512000,-83093.79167574906,299.52905012757486,0.9788299368012793
513000,-83365.34366950585,299.49060885534755,0.9904610401344269
514000,-83315.6709106823,297.9443259764831,0.9928780268323687
515000,-82594.45895142079,293.63653902550266,0.9744860600993173
516000,-82610.66093998542,298.52908494545807,0.9817085122451121
517000,-82845.2761010658,301.29929248397235,0.9873202234804883
518000,-83206.20956733124,298.37104593767674,0.9822916568061031
519000,-83295.3787448327,301.6755615941226,0.9861285308700395
520000,-83246.58518199954,302.75466654013104,0.9869654842934701
521000,-82763.99923206732,298.88863729646937,0.9783220353684992
522000,-82976.49000122515,300.02074886820174,0.9806361283814201
523000,-82915.1801997287,305.1739034628642,0.9788649538670418
524000,-83058.1415255341,302.58329186248864,0.9719294368666982
525000,-83024.7708374341,295.70396346687517,0.9865812420746661
526000,-83334.53090256162,304.6836874260692,0.9859228501324084
527000,-83337.39693977451,298.74512424011067,0.9769257383698364
528000,-83271.07734351396,294.100175261323,0.9854085836004366
529000,-82987.33878940233,297.99690592635153,0.9866719013357077
530000,-82862.25074425392,295.2165362439558,0.9751438268674703
531000,-83435.98778766714,294.8531919887133,0.9839907444852236
532000,-83253.86020377005,301.4401639659499,0.9767230276503808
533000,-83213.098073119,300.44945590946014,0.9843876448592651
534000,-82892.15787110804,302.59608205072453,0.9817642479807358
535000,-83253.55653889693,302.1266648205861,0.9834155262677423
536000,-82989.2758322098,300.2622656002257,0.9753261090453988
537000,-83246.69112299982,311.9322774558611,0.9841131594260976
538000,-82818.58965376939,300.27747999059335,0.9793988172137701
539000,-82976.56191474042,306.0218568327264,0.9885811920372216
540000,-83578.20433293958,299.930329674182,0.9860665016187986
541000,-83202.78167837631,297.2599694752707,0.9895820359251141
542000,-83540.3698495513,295.8016503910405,0.9890520050681966
543000,-83213.55478112097,303.41191948782483,0.975594507522034
544000,-83104.68538486306,295.0553125511999,0.9805429276864304
545000,-83260.91173471982,303.64540906361003,0.9834353271282058
546000,-82834.09927950066,304.7038761008441,0.9787055466532125
547000,-83012.79480145121,304.5876990065354,0.9844844125553492
548000,-83090.91295505682,302.1690278295276,0.9849089029103281
549000,-83272.68845613359,297.94069003985055,0.9781342190713048
550000,-82905.6801362891,293.49504269873904,0.9792651755143614
551000,-83394.983252684,309.039128078766,0.9786339227149702
552000,-83124.20560214977,299.98606354837693,0.985112106363066
553000,-82654.03747565753,298.9347655378081,0.9816690739788736
554000,-83358.51018496242,298.65337596097174,0.99331642493362
555000,-83059.59233129298,306.53878138870203,0.9826104382850709
556000,-83259.60518241226,299.56023628859685,0.9857147751694704
557000,-82456.848131984,297.4334357040651,0.9725507972094233
558000,-82854.41224485985,303.36345907318145,0.9789947289570021
559000,-82943.19109677215,303.56922603865655,0.9912371322544519
560000,-83000.16444846324,300.5056162892703,0.9828712728796104
561000,-82358.06087864417,299.5702516198588,0.9745849453524652
562000,-82731.65745233325,301.2239551281763,0.9802163077692208
563000,-82303.40251516586,295.47521692852587,0.9825032172373912
564000,-83051.4180803693,298.5441525338265,0.9844262822213254
565000,-82958.3289020959,291.46536429331064,0.9873579956842297
566000,-83192.21510479657,292.07225038674943,0.9771944252271425
567000,-83603.39049631759,309.04456281482567,0.979127707489968
568000,-83656.67876472935,299.48255687428,0.9848151939871606
569000,-83372.49194986036,301.35946520121905,0.996796219930759
570000,-83321.11694394058,297.1756752787328,0.9904515854885905
571000,-82891.74576048972,310.832896804188,0.9784729203536124
572000,-82538.44324677653,301.848419365899,0.9827359779296199
573000,-82555.02526955365,302.08207206813483,0.9792659975020055
574000,-82610.86883323878,304.53241567777843,0.9794750433055306
575000,-83783.82460357761,297.66144132318294,0.9904289748965378
576000,-83485.95038935484,299.7688747201954,0.985127478988849
577000,-83298.59416987328,303.3284716643648,0.9945608038651826
578000,-82923.81091701117,294.8893760014216,0.9873497049805667
579000,-83517.27445612912,302.24938240017525,0.9968633289580469
580000,-83279.68469664676,297.7653446743024,0.9853773847201514
581000,-82829.74877808103,304.02299685236045,0.9767437159876887
582000,-82514.70033433445,299.20393211507684,0.9830188501586461
583000,-83189.62894897023,301.73455240120444,0.9905311538536699
584000,-83901.78904855374,304.22029098025786,0.9868031587857131
585000,-83088.71728583216,302.9356232357037,0.9773402842004505
586000,-83178.2574060845,304.94909921539175,0.9807109118068035
587000,-83073.32754863292,300.01518023035874,0.9919558514767557
588000,-83521.170710726,301.14413551775306,0.991806652742083
589000,-82912.19048702146,296.38624788714543,0.9735356350312978
590000,-83096.799130066,299.90143973530934,0.9797997352984654
591000,-82869.06477618718,298.62262612079485,0.9834314773384789
592000,-82910.02964152477,303.93729090486084,0.9875465559180988
593000,-82555.136685131,299.0162078109796,0.9824717672815271
594000,-82697.97833233513,301.38615157122155,0.9834837160289485
595000,-83087.32333453867,299.3659600580384,0.9859114413094965
596000,-83253.90797759942,302.2471846677746,0.9984937570664607
597000,-83135.34710331552,293.87310230383287,0.9954249635415604
598000,-83955.96045777528,302.8011488467588,0.988623355636544
599000,-82979.81936934893,297.04482976663047,0.9824359526247187
600000,-83286.13500678673,303.9409586975637,0.9851126930404359
601000,-82938.48590168182,305.71401245320385,0.9807767777418605
602000,-83240.88045943639,304.5609758891368,0.9861292512418381
603000,-82639.23158108449,298.79379139309947,0.976958064677506
604000,-83101.67018862156,302.8914955475931,0.9844694276183718
605000,-83176.41432722023,306.1173122774129,0.9794122863374279
606000,-82725.8942430588,294.725935898174,0.9760496921221178
607000,-82847.53276434797,298.43609100514834,0.975444898826635
608000,-82898.45035162347,298.0466307346104,0.9742582993345393
609000,-82986.31031882588,301.9947594845615,0.9805036824254115
610000,-83386.24382332701,299.7587525392709,0.9914072142147303
611000,-83283.38388563861,296.49078189786786,0.9913966667283528
612000,-82902.48760476965,299.4276497937092,0.9792325327552435
613000,-82995.74975012342,301.7036342313298,0.9829760768977128
614000,-82817.61612114246,304.4804381523252,0.98349526663692
615000,-83185.78748904995,307.51017610180173,0.9832043177718922
616000,-83170.53991930961,303.15567989463307,0.98471015128095
617000,-83465.40211141529,306.2325656104179,0.9734161277403662
618000,-83158.6674375066,304.403759814352,0.9803434267912078
619000,-83112.03565340105,296.7416365338756,0.9829962789818387
620000,-83508.99287846836,300.2036633909493,0.9901233584833997
621000,-82767.52389889542,301.64346792848244,0.9847576165946978
622000,-83415.30389669305,298.1668337228813,0.9865110458453487
623000,-83053.48778719094,303.310137805065,0.9819650166656743
624000,-83438.1884961577,300.0370764376375,0.9902713952906183
625000,-82899.87186604296,301.13386319479474,0.9778537146052574
626000,-82990.38079204521,297.31088689555685,0.9792062080168084
627000,-83177.73101652501,299.67589815273755,0.9807789787491984
628000,-82778.72699356358,300.8269344916322,0.9802318896959819
629000,-82604.49213236902,294.5552216456801,0.9733992144768105
630000,-83416.1416563114,309.49628485773957,0.9927001156218086
631000,-82903.83279219922,300.376009927582,0.9868366528763018
632000,-83216.02263947285,303.7845742551935,0.9843445180664936
633000,-83107.90005360317,303.4799098580792,0.9806999839490996
634000,-82726.27267551364,302.16339783203654,0.9676041702187251
635000,-83554.13766364526,300.94579330749457,0.9858668567238147
636000,-83255.48235241883,295.6230930110797,0.9901573774064392
637000,-83411.62612091383,302.60782030186215,0.9823172083174164
638000,-83118.47738268599,295.6072660504587,0.9941123645263756
639000,-82932.61748283659,296.02694988170987,0.9821515873350576
640000,-82726.42289545981,298.6905722079261,0.9825556525624729
641000,-83068.03089340532,300.06818198741485,0.9853943556816626
642000,-83281.74952824338,303.0886611919175,0.9826170811310616
643000,-83102.87984945305,303.36656546727113,0.9822558633771006
644000,-82646.44129940914,303.94257952110024,0.9899369441079776
645000,-83300.0969845978,299.3995877425596,0.9832902480434462
646000,-83230.21409854863,294.60458632706116,0.9880927873404077
647000,-83200.77110496932,299.0335914926317,0.9819309068089574
648000,-82474.29283744749,300.0042339264864,0.9892000635105245
649000,-83213.98003170424,295.6745686835406,0.9813763266981784
650000,-82996.53606690542,299.2742578763145,0.9796913380599543
651000,-82810.73297722038,292.7503727419731,0.9820649486918657
652000,-83348.97181236878,300.2866720312012,0.9798660053355206
653000,-83081.55330131872,305.8592815766812,0.9953178250148549
654000,-82937.79544168804,303.46255479273805,0.9807935443896052
655000,-83155.45882530516,299.8493009500654,0.9939881084015028
656000,-83054.75293562456,301.95990294428515,0.9843607441204077
657000,-82911.6901777623,298.75179974644703,0.9812473890192497
658000,-83222.65643699793,296.15918476104673,0.9943118907375088
659000,-83480.65909907239,298.53012629973676,0.9895136714866523
660000,-83118.70848892425,298.8442101913091,0.9876452389462257
661000,-83066.36160498852,296.118965630348,0.9854865947075248
662000,-83742.13676697534,308.38930074585613,0.9888671745819331
663000,-83279.55964780599,298.9502568963099,0.9862203303704198
664000,-83525.59742151329,300.7544791770889,0.9943962791092695
665000,-83056.30885007285,299.76837336689783,0.9723055776986759
666000,-82973.6433408361,302.11746103526116,0.9838000633605024
667000,-82791.36775976425,301.71871623942286,0.980363059495652
668000,-83082.00013421674,305.08981178610645,0.9853882048465301
669000,-83334.9960895761,306.85966611047536,0.9942556997528021
670000,-83382.18044142751,306.1599547080231,0.99201176575854
671000,-83158.17797600431,298.1699180461106,0.9814188800373229
672000,-83082.7395853934,301.662388200984,0.9817700742075525
673000,-83127.24137123517,299.3601135169447,0.9788076209525431
674000,-83045.57697224652,299.3320038435169,0.991255319543535
675000,-83083.4643969863,297.23692731957556,0.9829996974803094
676000,-83554.8855062087,301.280048769379,0.9844055275301881
677000,-83095.21312603296,296.8208020480592,0.9817356788636484
678000,-82991.53293700167,300.20117481861786,0.9830960497064909
679000,-83136.59826835833,302.52195308384444,0.98512684573795
680000,-83157.78624615929,301.80053385773584,0.9756578502428136
681000,-83110.621868763,304.28853500567635,0.9825578833304704
682000,-82715.91383466637,306.86914039009713,0.9691578914036019
683000,-83397.48030791956,298.70974823604087,0.9883659384222394
684000,-83438.99869861593,302.9225459797965,0.9881635751956713
685000,-82804.2112663206,298.0543894161337,0.9914727926865843
686000,-83361.44481417787,300.87599157889775,0.9921185841983153
687000,-83287.43167924223,301.4357898298106,0.9846602140218884
688000,-83139.06211587932,290.1974369747213,0.9904151960005456
689000,-82993.82505742606,299.7586982420618,0.9876991143241262
690000,-83187.95581532293,298.2804075559931,0.9862692309410813
691000,-83015.71617739019,301.28990466972215,0.9875806068832719
692000,-83287.73578208324,299.08869069573785,0.9868401976237041
693000,-83242.13041273196,300.71087570698927,0.9867221876872949
694000,-82989.05408119742,297.825873883606,0.974381307478421
695000,-82565.55889975274,295.0429968970972,0.9758043221100391
696000,-82810.04545321362,300.4335597097486,0.9790639402895817
697000,-82405.2365038239,297.42814735136557,0.9774538862405261
698000,-82936.98733161407,307.1768875817755,0.9832764212861952
699000,-83152.31770486524,300.3766161926956,0.9778417035527912
700000,-83265.27489125688,296.5329764876606,0.9796157325766904
701000,-83241.0552658338,299.5610757173967,0.9868204760458542
702000,-83047.63157985121,299.7089503728282,0.9842707191114375
703000,-83001.74151167762,298.08479808749325,0.9772946545403356
704000,-83101.15870380169,302.63115063847744,0.9826642889207013
705000,-83189.57386359462,301.0794774989381,0.99184024086948
706000,-82791.39433373121,298.2935230603274,0.9829203542570389
707000,-83028.4639432609,299.0465964120382,0.986287614871825
708000,-82929.03458829265,307.3912522751743,0.9799077387550645
709000,-83304.82628392003,297.3831895232449,0.9828154131105455
710000,-82727.28922504705,305.26858695395083,0.9810868226729725
711000,-83080.37725751405,296.9646378196718,0.9893653840530431
712000,-82662.6474875497,305.95283791318263,0.9803565103135795
713000,-83004.96398652508,297.65955883366377,0.9919539402634734
714000,-83056.9257028618,303.5591279735798,0.9740865545576981
715000,-83282.44450370735,310.55675082456605,0.9849364576324133
716000,-82599.19465880364,300.0976563090816,0.9752907082505721
717000,-83441.19090265012,303.0998793982978,0.9747948714110093
718000,-83125.23770655983,299.5109489986406,0.9891572827233428
719000,-83286.83640230633,305.9570846990124,0.9922660738274562
720000,-82929.64281208185,301.0039316650344,0.9835957145470329
721000,-82893.6354827173,306.2198516739032,0.9930906673738609
722000,-82774.75842001603,302.7998064081207,0.9793355265828454
723000,-82998.48177491315,310.16056071557097,0.9806648641310317
724000,-83328.03604763048,303.23382717075043,0.9889761852372035
725000,-82407.37620144972,289.4855411875338,0.9783359049872064
726000,-82811.22876084514,308.3109859582951,0.9750345020564871
727000,-82947.66551334615,304.1584662085699,0.9871012864440876
728000,-83330.49849804747,299.9260673361393,0.9912539566898287
729000,-83255.02477912366,298.71668168885736,0.9802256790805556
730000,-83571.12547599542,296.5443776291864,0.9843414603517737
731000,-83390.85574145836,289.0189500997438,0.9873649965928966
732000,-83450.96674363164,291.76178544697774,0.9861608942455421
733000,-83358.92510796973,297.8626530037987,0.9842205342978746
734000,-82853.06253567757,304.38800814628416,0.9921312661235608
735000,-83062.83466788806,298.5815353947966,0.9853386065407871
736000,-82951.90786134376,306.87206369848855,0.976831126370065
737000,-82995.58227628533,305.0868999814076,0.9773108111205596
738000,-82936.664871761,303.90115513901486,0.9800494043777116
739000,-83566.94511421025,302.4920448002641,0.9906252480709097
740000,-82946.70120532054,302.53156629697025,0.990070659835194
741000,-83070.10139942606,299.6972677740884,0.98463558519361
742000,-82689.44889619818,304.4770786479172,0.9760887275855584
743000,-82948.71692589013,302.87178952685025,0.9944401820261528
744000,-83386.22732625547,305.11251357298136,0.9951642740365081
745000,-82710.35012607859,300.9600177359454,0.9805602504739911
746000,-83118.0835160322,304.49560149851635,0.9832291491449652
747000,-83153.54629180435,300.35437381421394,0.988929282300615
748000,-83649.43768383597,303.7865615155429,0.9890240658328264
749000,-83145.54465190577,301.517609206932,0.9848622140783327
750000,-83245.74049562664,295.16264244659277,0.9821327465559531
751000,-83598.20413865714,299.734131144872,0.9879858685541539
752000,-83562.21784364904,299.3258233051586,0.9909035288851279
753000,-83612.50814905926,299.7970167462582,0.9982848227923898
754000,-83125.89759434614,299.08332580207764,0.9833790976249103
755000,-83191.5284484722,302.8692221274992,0.9816951085908859
756000,-82504.06433418585,301.9398558635788,0.9755778950886997
757000,-82541.95136548684,303.80776827356516,0.9836386536745231
758000,-82927.42396033497,300.6600656840325,0.9921272659848719
759000,-83334.78828736354,299.1881292423386,0.982641378760586
760000,-83110.99452698493,296.894935287937,0.9824010321003359
761000,-83268.25290848303,300.6836518071983,0.9855871680843054
762000,-82821.20232671266,294.0827775118671,0.980296482112063
763000,-82888.50300881278,299.5484883351605,0.9815920107422271
764000,-83529.42559917294,305.07271851910775,0.9803088784310925
765000,-83475.26296496863,304.3407165664109,0.975571895198942
766000,-82797.70780027693,303.0609876289788,0.9777187658913281
767000,-82916.67111322598,299.4835958070679,0.9760928437791072
768000,-83098.3514271793,302.85604529147963,0.9908676421480952
769000,-82779.60936955799,301.40005219932397,0.979680478422223
770000,-83346.21157911519,298.1634325362125,0.9849625323592553
771000,-82857.73983674421,302.3335978524354,0.988633580900209
772000,-83025.11405848933,309.00278305100136,0.9852605336016388
773000,-83013.54910205735,297.9644980516396,0.9817147648119149
774000,-82929.51878129301,303.81593255054315,0.9821882564845554
775000,-83070.10868882498,298.68239642935174,0.9917007458875317
776000,-82646.01095600845,289.3653645678916,0.9792165316095267
777000,-83081.40671350493,299.70351718491565,0.9645615083977461
778000,-83388.61487564928,304.3847910550057,0.9869677693987615
779000,-83698.69994201604,304.6448315593936,0.9882363717231322
780000,-83352.25577095739,294.7172965195951,1.0024122287235908
781000,-83509.97965070023,305.2814160784609,0.9742060662975627
782000,-82757.16897032486,299.9293968642267,0.9752835561476949
783000,-83119.18786499923,305.6660066464104,0.9774439321177408
784000,-83124.22091354727,302.81975904675613,0.9902819987628785
785000,-83537.28156879917,301.96277007689196,0.986185371363956
786000,-83826.78058685164,290.83536077136483,0.9840848800947134
787000,-83660.51435347594,300.529410300934,0.9893617170597793
788000,-82922.32122959883,298.128841815291,0.9777426527845806
789000,-83015.70625141979,304.2197972550808,0.987099396529164
790000,-83041.28806288581,303.1667353731829,0.9870319697678072
791000,-82842.1615130059,300.0998478435897,0.9699350472297633
792000,-83458.96274956316,299.78051219919934,0.9969288394108107
793000,-83456.31781754579,299.0358015431976,0.9946758716739856
794000,-83343.52151709661,298.1880603363378,0.9821835684280534
795000,-82793.98663498845,301.31975150779647,0.9830815740661228
796000,-83147.32502227719,303.5891949830193,0.9870409901103216
797000,-83124.06973230018,300.3962735222072,0.9751533336809521
798000,-82915.30026823841,301.4322297104637,0.9879583403878918
799000,-83040.87367953558,301.1268019694051,0.9744893884401905
800000,-82527.58095208934,306.76920158920734,0.9739353314665868
801000,-83205.84756008355,299.7882358097388,0.9796985215493915
802000,-82864.86986770562,293.62267506719206,0.9876643777930711
803000,-83159.89264480607,298.1027132126514,0.987663618653328
804000,-83105.93115972,299.91752060317657,0.9793247655061633
805000,-83284.84160957485,300.76600709705684,0.9916751852880655
806000,-83469.26834508794,298.3127175525104,0.9726855077110018
807000,-83591.7832105562,292.84215395217706,0.9828587425031932
808000,-83886.34075558273,302.29324112870154,0.9897581275832867
809000,-83338.78377802967,304.3698438219769,0.9858880033343802
810000,-82928.94845184096,298.2055193865796,0.9933956272149271
811000,-83536.4921964524,302.8806229100059,0.986500358426401
812000,-82980.12394078751,293.4461864539786,0.975155378310041
813000,-83321.22586609592,299.6478628206363,0.9805042648035971
814000,-83058.72762966994,301.599311942193,0.981006085270284
815000,-83374.2279790205,305.1755399697444,0.9880878271185666
816000,-83348.31953983789,299.78766504613,0.9854193998748488
817000,-83251.6641279548,303.5866906568412,0.9855592951220644
818000,-82826.81289825216,299.88934678651196,0.9914936236567968
819000,-83188.48727678775,306.77261128749905,0.9891128174198923
820000,-83057.52334116196,300.60355530316605,0.9815775740796624
821000,-82953.83686954866,302.08833380165714,0.984950685516744
822000,-82632.22878496686,298.39141911061085,0.9746594892230293
823000,-83012.69240219146,309.6173493888461,0.9833589021949766
824000,-83091.99496823066,303.8139387274723,0.984833675734395
825000,-83101.9953686879,297.96942165990265,0.9780213274541285
826000,-82576.88234386919,299.34979493999646,0.986610724213521
827000,-82973.28003429517,297.9700995835114,0.9805904849097902
828000,-83251.18986013939,301.409286302008,0.9880683240008381
829000,-82842.95116709807,302.91265449776427,0.9924886674209177
830000,-82822.81501327321,299.9343544730081,0.9874135897812084
831000,-82551.65162856615,290.66552791195875,0.9763097893548464
832000,-83053.67426787526,300.9184535070826,0.9787771406622029
833000,-82835.73061344109,297.86122591026265,0.9944764679447108
834000,-83117.42439965444,298.1623977061574,0.9880862368988045
835000,-82910.7434840746,294.7946030304041,0.9925445316031629
836000,-83162.83457512344,303.97126295173143,0.9798129554297011
837000,-83474.34214372962,293.38515102329677,0.9876478431318404
838000,-83369.86516057025,302.96351936297987,0.9873338398393389
839000,-83076.47182304238,304.8475413012183,0.9858332935734607
840000,-83281.64746011939,300.43095130207854,0.9906654934693611
841000,-82692.02830263099,303.35877670914203,0.9794405278253603
842000,-82691.17218069092,300.6107660368439,0.9856487337358035
843000,-82865.41663585976,305.82704221226646,0.9863725223683576
844000,-83015.63912763208,302.3624499952025,0.973633697486559
845000,-82921.48680138105,298.95037808681246,0.9835920338539027
846000,-83250.4042219466,306.5661961850601,0.9754313867906409
847000,-83212.16796590952,303.74976936639115,0.9871480301585677
848000,-82194.35717284441,294.862776900856,0.9754589044166873
849000,-83698.13206622051,303.4274123431821,0.9772199659217496
850000,-83165.58486270218,304.9432063609408,0.9802030016059574
851000,-82644.62801834953,305.4548615851369,0.9787370169088958
852000,-83033.842518894,301.46060579640795,0.9856988761920136
853000,-83225.38763283822,300.0605396359601,0.9840559612421474
854000,-82904.88540807297,299.63401047579214,0.9792941652205486
855000,-83513.27682196215,300.0498363053055,0.982559793630023
856000,-83569.58228459221,294.6731710723434,0.9927757842441867
857000,-83424.37455634528,296.98724034641856,0.9919297003617359
858000,-83407.01479424495,295.18707773545316,0.9820605915312351
859000,-83062.2797028157,305.02824299657163,0.9892934050659028
860000,-83044.47053822194,302.1551610380335,0.994444024751988
861000,-83079.15060256538,293.1769863441694,0.9868349328393873
862000,-83588.89537487889,298.10015982269255,0.9788468175132454
863000,-83364.91561041039,293.64523548799815,0.9776590410473361
864000,-83391.33135495003,302.2350389966511,0.9808661705392787
865000,-83147.16039834608,296.7411935691199,0.9815581572771008
866000,-83582.73560677317,302.7724263607849,0.9869475382333831
867000,-83376.56510165037,301.33402435432697,0.9757087641453841
868000,-83032.26933525194,301.48690865634876,0.9845104481580981
869000,-82823.46389920503,295.97955334428167,0.9811360798039963
870000,-82746.30125137034,299.81957780914325,0.9836397301965175
871000,-83171.6545254016,301.7723918059618,0.9853545563002071
872000,-83074.8927495915,298.4036045920221,0.986868607129539
873000,-83714.93200009182,299.7822672974777,0.9921930261215088
874000,-83423.9928334892,296.25706456629786,0.9845844325030473
875000,-82580.48901942809,298.6913997096359,0.972638031506858
876000,-83008.00632579555,294.998475560007,0.9784424749421703
877000,-82625.16829968157,303.4866011547141,0.9793854667477235
878000,-83084.78501208557,304.3093902748843,0.9798748957127288
879000,-83124.51661976118,301.7466730415094,0.9860205663264165
880000,-83084.86379920866,295.31508167061486,0.9916973613612776
881000,-83301.6564193049,296.99172309117716,0.9875952267921521
882000,-83085.72064682358,301.95485664792227,0.9809876388224125
883000,-83011.16325825156,299.52999107952104,0.9773888421310217
884000,-83046.61378948408,301.7117159626832,0.9829009426026046
885000,-83239.57736021274,298.4013589297171,0.9875117516545775
886000,-82711.44627342199,298.60228940128235,0.9831039796284575
887000,-83630.44620377757,298.93267374672183,0.9942512672038417
888000,-83356.02975504624,295.8844493458239,0.9938905541785514
889000,-83544.1463750921,296.86441571151323,0.9799704478697531
890000,-83541.64907162549,304.81338850272897,0.9903486305915762
891000,-82936.91200415732,305.02892122404427,0.9876429641005114
892000,-83038.61763866391,302.59198780445416,0.9807193400940258
893000,-82738.08378321567,300.27923978484665,0.9891229735405547
894000,-83000.72379979916,303.37148927636906,0.9849611013105719
895000,-83472.9995239412,302.57400245280024,0.9918746233208732
896000,-83374.57788582618,297.45585760192597,0.9852054931817464
897000,-83260.18493557005,298.5113983369902,0.9826638683569586
898000,-83150.64970759064,302.0468745506293,0.9830950413666187
899000,-82938.81408002682,299.6175692278031,0.9863342603476731
900000,-82642.03517024574,302.6762797605609,0.9780439894557112
901000,-83333.36699812877,303.07625834834596,0.9838515622571187
902000,-83277.38003790868,297.00664543332107,0.9843976601450978
903000,-83236.9294915343,295.43963993886433,0.9845307412948194
904000,-83447.6439049443,297.8582369610197,0.9724387917190211
905000,-83131.21337192203,302.32084155342136,0.9837582085772038
906000,-83213.15128318989,299.9967158437543,0.9921830891876865
907000,-83119.69317323569,303.07482135871464,0.9872783005212404
908000,-83352.5640667954,298.43032362267564,0.9839341086534258
909000,-83007.37316323078,298.61294794667174,0.9799255659146886
910000,-83154.10445987928,302.50730255854336,0.9776885086115035
911000,-83207.19807651785,299.75769711719687,0.9856831675254741
912000,-83673.95235205773,298.54519012526697,0.9926662080546726
913000,-83252.24405221152,299.4058686155182,0.9967109754009242
914000,-83452.78006420063,306.1016392097792,0.9807638269899939
915000,-83088.88858149684,300.4469104114339,0.9886141458165006
916000,-82675.84200569469,298.23327926946735,0.9847967456785258
917000,-82905.00941937964,307.09252072817327,0.9835954557199631
918000,-82982.36058877216,299.58115219223623,0.977009113663129
919000,-83309.83416336967,308.0753831163566,0.9840487200224383
920000,-82761.48856440542,301.85713938378154,0.9793490251155322
921000,-82874.13712335227,296.09743036511213,0.9778725084595467
922000,-82819.9555428566,300.36432084617957,0.9899581213357239
923000,-82930.08023309335,300.6638006657048,0.9854758602848058
924000,-83410.92946460802,308.2133403668539,0.9878126299614195
925000,-83404.46852279746,301.8282908299655,0.9847136937708897
926000,-83724.02676560689,298.6724001823758,0.9809819318027043
927000,-82965.62161372189,304.0633340586017,0.9769592466103826
928000,-82014.00026310608,304.13347759962244,0.9828391986556507
929000,-82700.08257942006,306.76724183754993,0.9870985535145395
930000,-82981.19054392306,306.3339687524981,0.9845771848898841
931000,-83643.88058601483,304.3679521442186,0.9904495736691006
932000,-83131.1906256571,296.1668581063256,0.985814705731103
933000,-83254.00954193884,296.0503042981971,0.9833005196774575
934000,-83331.06408863305,297.01870407010523,0.9824123627637082
935000,-82845.27110036585,302.84981273564205,0.9758967763774293
936000,-83224.17851716396,301.46925195165164,0.9807697999099897
937000,-83081.57661972265,296.19343965298174,0.9823385914932375
938000,-83455.0454795697,302.2468428242983,0.9860259957231663
939000,-83063.82517009671,287.5001334361404,0.9792095657029457
940000,-83235.15212762612,304.1210986407242,0.9800970000408759
941000,-82834.36757403438,300.55049149666416,0.9816208932583061
942000,-83329.05934510299,301.292911037697,0.9712385383386227
943000,-83361.26397640468,296.81412828718794,0.9829863225605181
944000,-83241.98320553667,302.9609957776213,0.9809150883133843
945000,-82957.78228414938,297.1880020533519,0.9761176965289848
946000,-83519.4282492554,287.64352880109533,0.9755156052053712
947000,-83481.4575859395,298.48497938122256,0.9848688183384673
948000,-83173.85269835196,298.3383947411616,0.9844766890568104
949000,-83347.01372208825,300.5390644119809,0.985684980707282
950000,-83074.16031923587,303.14055574724875,0.989696480022278
951000,-82825.33657756203,307.58103875239925,0.9833967331634376
952000,-82742.73024653248,299.07265593850576,0.9844230444366235
953000,-82599.84406960761,297.75452870295896,0.9802982251186735
954000,-82918.61823609262,298.48969806844923,0.973935660900989
955000,-83445.84436701576,301.1263987676522,0.9813009684678012
956000,-83150.64836623991,302.2085977407526,0.9851222860455021
957000,-83166.46627105388,295.7054508995363,0.9865094854341382
958000,-83438.38309545536,308.5536059780559,0.9816320584156865
959000,-82988.86369094433,296.0532519363596,0.9858186685373432
960000,-82906.61021350301,302.0562011478529,0.9776365367595958
961000,-83267.55859997863,298.14508748290547,0.9810999745094476
962000,-83036.57755134616,298.7157168566954,0.9819573644838555
963000,-83389.26497155445,302.6286977465259,0.9833336821644117
964000,-82994.4908416376,303.82383297014263,0.978830045208248
965000,-83351.57940386113,298.3622187682755,0.9861604474055042
966000,-83086.60212853103,297.66746110580084,0.987514062580742
967000,-83065.73353896441,293.2812439156133,0.9810105948934014
968000,-82715.10595276818,302.4007314160781,0.9735521906716644
969000,-82838.85150078556,302.9330289462159,0.977450308045982
970000,-82878.54682728834,299.06422208193726,0.980842383651507
971000,-82793.35002209514,298.11263941865843,0.9778609057707529
972000,-82935.39468409389,300.64648695324706,0.9808939989523205
973000,-82621.63730507396,296.7208187451575,0.9907010274978789
974000,-82723.39947219176,300.52013892005925,0.9854549415933054
975000,-83062.66419613198,302.06365665943866,0.9850420700753193
976000,-82216.07700802112,296.8662585009263,0.9720891621532257
977000,-82894.34919163148,300.7731577012262,0.9799375825663124
978000,-82870.27398747671,300.1419463839215,0.986621443845782
979000,-82890.59632173047,301.8780437861574,0.970774806393434
980000,-83187.10033217841,297.93326805205277,0.9899314666068556
981000,-83017.3184850954,298.5442230768298,0.9896610648387879
982000,-83134.24453447352,304.75604550392194,0.9813583121801017
983000,-82922.50607904373,298.1045608765829,0.9834995329963375
984000,-82888.49127852003,294.76565100745887,0.9792901405358383
985000,-83517.52089760237,300.29676722055643,0.9934996430557872
986000,-83088.18025312794,298.76026158832246,0.9871793013102131
987000,-83339.9946418968,307.08658186919,0.9933845045259727
988000,-83182.32408505015,303.8976700335179,0.9814541103055333
989000,-83620.29858036287,297.2768874904876,0.9928769895479228
990000,-83408.4029120591,296.7132671682785,0.9803932637944558
991000,-83344.23556795053,299.3063017593088,0.9779806880509976
992000,-83385.28356102004,299.15020475229466,0.981417632064064
993000,-83094.13592791843,303.7843439560886,0.9844608764860882
994000,-82696.24328902183,301.8239143051953,0.9779699032210674
995000,-83104.64060059859,301.26173257112396,0.9780850192142795
996000,-83012.18131865386,304.6474797217396,0.9876346172363665
997000,-82731.1869287237,298.9469085165825,0.9727793437943603
998000,-82636.84372829786,296.270540045261,0.9731734999176254
999000,-83527.3953950833,299.4521082559494,0.9824529865590408
1000000,-83304.73485657922,293.98723417395695,0.9854990079180745
1001000,-83086.69475856615,296.2905480420882,0.9771007574551276
1002000,-83614.3708120404,300.77947050667706,0.9856079804090221
1003000,-83620.64390987268,298.31236729931317,0.9887371262305623
1004000,-83116.72508514632,301.5522055369718,0.9788308372548807
1005000,-83230.92476193694,305.58195461143333,0.9832581887058282
1006000,-83288.84365058638,306.20127098372416,0.9881880571830295
1007000,-83110.42740635545,295.0727709254417,0.9816850387566091
1008000,-82861.83111963124,297.9515882984102,0.9889855345832522
1009000,-83007.79537615919,296.6021057965005,0.9836786842795524
1010000,-82841.25364289398,300.21194753383025,0.9849295546654707
1011000,-82943.61753017514,292.2385270265141,0.9856739769198852
1012000,-83216.21924441261,301.46483563738593,0.9765004260832103
1013000,-82587.64999447996,300.27813775779447,0.9844199147322582
1014000,-82882.06206634705,307.4294266870306,0.9858037480187327
1015000,-82373.90854379121,299.2963023624973,0.9795262734855639
1016000,-82573.7098525503,298.0624777468947,0.9710910213126088
1017000,-83206.8050907728,301.0949434198897,0.979250473499491
1018000,-83376.93029076955,301.25390481112845,1.0014355915314035
1019000,-82882.11833017785,307.5695905182361,0.9914785485908083
1020000,-82900.55551128444,300.1144338630787,0.9817174849911363
1021000,-83172.9375355388,301.40730506461745,0.9772892240252633
1022000,-83090.29250962287,295.18209461041465,0.9790309831652545
1023000,-83491.68550600146,299.09653017491553,0.9814334719733627
1024000,-83266.15593903448,301.1674808224803,0.9847328022308718
1025000,-83353.71869296656,297.32155632043686,0.985946976416261
1026000,-82885.36945700954,301.7622187058944,0.9885418301441299
1027000,-83468.39254781738,295.83203900789886,0.9813580038428138
1028000,-82984.19472814264,302.6968346739357,0.9708315582868388
1029000,-82760.76194775954,301.2031643774016,0.9717637462400509
1030000,-83144.53611475317,299.26246855271273,0.978411284285705
1031000,-83152.38086636149,297.8790646500357,0.9860504154334999
1032000,-83082.33612976555,294.70014287651406,0.9814668309976193
1033000,-83114.95555318217,298.4460234520967,0.9779351488387448
1034000,-83508.43521859596,295.8848337458313,0.9807361666193705
1035000,-83366.4794503061,299.84208554874056,0.9902569287755356
1036000,-83505.4327050969,300.59724662964646,0.9890049157233107
1037000,-83097.00133993593,298.69389630536574,0.9860931500121193
1038000,-83324.1663929589,300.1706212530466,0.9894187030282114
1039000,-82620.95892430632,301.7065737589979,0.9767170881648644
1040000,-83312.40646273707,301.9887083546055,0.9915147431972112
1041000,-83294.94076097215,299.14340510353526,0.9906959807109721
1042000,-82678.57266381045,301.88600146473254,0.9776997825424913
1043000,-82802.76555094868,305.29057106493417,0.9846594445210246
1044000,-83224.09560493066,300.30736729455987,0.9842149830772701
1045000,-83351.62235040386,300.05773255728695,0.9847194222892574
1046000,-83204.45913092518,302.9835142941529,0.9874456702172849
1047000,-82859.73010324157,301.03138285243057,0.9825713371961259
1048000,-83346.67248181405,306.7599996843537,0.9876510217532315
1049000,-82833.7478072904,297.83776420558684,0.9723627378054781
1050000,-83232.51014918933,307.33637943385156,0.9828348804118467
1051000,-83309.75204860308,297.2283325238831,0.9820099789890505
1052000,-83572.53094277752,297.9116402195615,0.9822657907899739
1053000,-82963.56164408778,302.16242995050914,0.9851674498924006
1054000,-83615.28098433628,303.7237694511405,0.9889939514065693
1055000,-83384.45443308563,299.521837558777,0.9880291727996252
1056000,-82318.40840430406,306.1104649393584,0.9811997766821089
1057000,-82963.78947081376,303.77872869489585,0.9815799471223743
1058000,-82514.8481574374,302.0221020032955,0.9674818334283544
1059000,-83041.30873354088,302.5706024297239,0.9766794651553427
1060000,-83022.55849354778,302.5031845689042,0.9852607775074635
1061000,-83098.93980340671,299.3991019045759,0.9863764118858734
1062000,-83720.04495778173,298.07455588165976,0.9854769138752479
1063000,-83598.51134234312,295.92137777151385,0.9752977763145609
1064000,-83332.81490029633,295.33567378754765,0.9914545664696263
1065000,-83375.69357884722,302.46969283566887,0.9896985544210802
1066000,-83199.53639053198,293.44101771297716,0.9850506734799901
1067000,-83252.0719512272,303.6853671349424,0.9854798797151268
1068000,-83458.40107448032,302.22241859104355,0.9870287075705878
1069000,-83427.34038536984,300.1128141734287,0.9946618706263834
1070000,-82884.38883659418,291.86981486021807,0.9872565127448784
1071000,-83210.70042379311,302.3935423061578,0.9976605081777011
1072000,-82901.0886936881,295.86346477767154,0.9911079378235362
1073000,-83365.08288329776,307.3566741124734,0.9906295185387186
1074000,-83212.17634655349,307.20806201088817,0.9766272837197209
1075000,-83381.47812256205,300.7880039624359,0.9905350030187929
1076000,-82517.59886658995,295.3617422183525,0.9822492458639551
1077000,-82850.1508928134,299.02686914907724,0.9849571242578189
1078000,-82950.9722533031,301.81609625923124,0.9890059271572881
1079000,-83479.64349265257,305.49529256101124,0.9883607895275561
1080000,-83485.62329382659,304.1144038626724,0.9861167739838124
1081000,-83323.02447901352,292.4024569867653,0.987771756342256
1082000,-83299.06014693895,298.98204295761224,0.9784266327147598
1083000,-83402.82565502549,301.1966871828918,0.9844975477050603
1084000,-82967.27330019325,296.4595060883542,0.976624999080452
1085000,-83609.56589059852,298.1904731706749,0.9736374808770444
1086000,-83651.07814888761,304.6949050360791,0.9861856197651221
1087000,-83196.4687670577,298.92275971862824,0.9858563005615384
1088000,-82941.7293597018,300.5666150301815,0.9754755936366261
1089000,-83205.11182753328,301.53400583302255,0.984863824520709
1090000,-82797.261839254,299.1298723256713,0.9764054641976498
1091000,-82993.71913524711,304.81607218944816,0.9708539954063033
1092000,-82780.3620996711,298.46853829358855,0.9762859446520287
1093000,-83304.36907968501,305.66077644798196,0.9903639771868262
1094000,-83421.00761477184,299.6799915314925,0.9919476396217667
1095000,-83062.04094695381,301.8943351417115,0.9848067061648913
1096000,-83152.18005948898,303.39162766690964,0.9876835423458495
1097000,-83187.02456656622,297.8008593021705,0.9794055619317868
1098000,-82674.31497403543,297.10583128963026,0.9755174024268901
1099000,-83608.29734534852,298.01422918106664,0.9908344303920864
1100000,-83507.89210056997,301.32422442154575,0.9908531586156852
1101000,-83424.38176137663,295.0574377244565,0.9959743200922963
1102000,-83550.01553033927,304.9990365794548,0.9915568984372155
1103000,-83093.49507338798,301.41230513599066,0.9806136244438923
1104000,-83384.7505870352,299.786432887823,0.9926930172530926
1105000,-83061.6548005073,304.32686482767434,0.9856276215377248
1106000,-82925.15528493683,298.69440511474204,0.9799049169195895
1107000,-82853.48209719534,307.7382978720805,0.9846290654411958
1108000,-83298.2663257849,297.2717234872652,0.9888806245739319
1109000,-83274.46370991314,302.1696938722009,0.9908085089133135
1110000,-83319.26286530495,298.4830361953618,0.9866549970188709
1111000,-83291.03711753926,290.40613250642394,0.9853904832065614
1112000,-83590.56061107077,300.5400372231704,0.9827320797689268
1113000,-83069.17749782128,300.9824464779075,0.9842573958023011
1114000,-83772.50458825764,302.444844184313,0.981233223705445
1115000,-83852.80126428342,296.06872379632125,0.9959051890673046
1116000,-83034.80534242577,298.90456736691635,0.9746723377568431
1117000,-83326.38549662795,298.46449503667606,0.9711979338964017
1118000,-83335.54957858892,300.4338301450959,0.9876458715810479
1119000,-83500.55503942585,293.1353125393403,0.9942348129117159
1120000,-82866.9882551569,301.39075452398373,0.982938105402233
1121000,-83189.46826410282,304.2669156998694,0.9914031209004707
1122000,-83187.2719057423,299.1044674492926,0.989891212049474
1123000,-83002.9782959139,302.52663468493245,0.9773400417016319
1124000,-83431.93514616688,302.98926120470196,0.978660199688926
1125000,-83491.38080095546,300.63116674857724,0.9790138093208545
1126000,-83361.90805981436,305.37989044734564,0.9860951383692113
1127000,-83007.46924355545,292.6062013403798,0.9897554270478877
1128000,-83010.728240175,297.2234660667871,0.9895515761248089
1129000,-83220.56018165062,298.82972710531084,0.9761464974219738
1130000,-83558.78685330815,296.0300968412879,0.9717777791523253
1131000,-82675.06707364134,299.6084091258463,0.9802219467727037
1132000,-83052.21519703971,301.1493242892524,0.97706017737065
1133000,-83159.81663700269,296.1797003487999,0.9855210734610116
1134000,-83554.73263353732,303.75303649853913,0.981210672022306
1135000,-83352.66137360374,294.8651121712548,0.9814911684338611
1136000,-83071.60585906182,303.85900150317354,0.9821237093352153
1137000,-82478.36576690571,298.73397522106103,0.9795998361244395
1138000,-83203.72479440022,301.15335165644035,0.991314275027046
1139000,-83161.6256316725,303.45056431951133,0.9826783035463121
1140000,-82662.3729510862,295.7756373298756,0.97636970750229
1141000,-83218.97921967017,295.26290382149864,0.9963900972606566
1142000,-83464.297310655,302.31954288878666,0.9840203838607172
1143000,-83313.50401290657,299.256404096172,0.989100659787051
1144000,-83271.12198133848,294.1443983866471,0.975821264337214
1145000,-83112.6307816775,303.0257758450945,0.9935647307835325
1146000,-83623.78484735743,297.0612463786845,0.9862382363876253
1147000,-82945.50587237428,291.04803440185185,0.9802336253457304
1148000,-83481.96971326682,296.1604140011559,0.9871543589037556
1149000,-83779.04978053964,296.6064248093328,0.9892078926584901
1150000,-83150.53050298645,301.3565097033195,0.9796830230617759
1151000,-83775.3602137317,302.21726259518846,0.9911217428839413
1152000,-82887.87414517882,295.2913355878349,0.9801390371975651
1153000,-83050.9587202695,299.62707701826554,0.9757511167850422
1154000,-82622.56731039385,306.8168178294469,0.9882787586584255
1155000,-82762.42677146627,300.3644646846813,0.982394211663257
1156000,-83058.05678811611,305.3227376283379,0.9814156843134232
1157000,-83365.32920774346,298.1230109386064,0.9847570428295651
1158000,-83434.47992058215,295.6721978557177,0.9922045731321267
1159000,-83067.65667414304,298.7000140168604,0.9745514260915844
1160000,-82947.85262750235,300.7060223119947,0.9885345364388876
1161000,-83115.564722977,296.69285314021886,0.981274154738608
1162000,-83587.34246116603,299.30334000578296,0.9793425138079397
1163000,-83020.54437926173,292.8645724126872,0.9845623667695648
1164000,-82915.42260022834,308.3648222897459,0.9875449071809969
1165000,-82825.35851253307,296.9771821507253,0.9733902148039449
1166000,-83306.35831242317,302.12517008860823,0.9814324612738533
1167000,-83048.13473155111,301.026804124024,0.9835199815361173
1168000,-83624.04156648746,298.2043056008057,0.9838411880438573
1169000,-83248.11181164585,293.7798095370817,0.9923660199768884
1170000,-83326.7643544916,295.9915495827255,0.9838734431207822
1171000,-83433.04063148069,300.6183710882234,0.9814953333495167
1172000,-83696.85173899075,298.57911598702714,0.9847028275658253
1173000,-83035.40773973108,292.46342430878116,0.983503577801829
1174000,-83076.37118911551,305.9556923202056,0.9762175691214977
1175000,-83285.09908366093,302.48397188885554,0.9808919652136099
1176000,-83339.5947926091,295.8471703961861,0.9859743493090731
1177000,-83250.70789933426,296.8962115237079,0.9779840814508275
1178000,-83031.53641174047,301.15915002409895,0.9800151414827256
1179000,-83291.99062754092,297.4740396818101,0.9816208545768376
1180000,-83526.33994066244,295.5736457447281,0.9944786990764746
1181000,-83416.59214552725,300.86848089225293,0.9776811408636494
1182000,-82631.65958582459,296.0225837596069,0.9778455010189431
1183000,-83129.87957775412,298.9778955224305,0.9852074206649369
1184000,-83231.8187590423,305.15507257692906,0.9829141499188548
1185000,-83276.44516743312,301.18752438056055,0.991323798172066
1186000,-83092.66529149568,305.5051985894112,0.9910916064271721
1187000,-83341.04406852415,305.997532864341,0.9872577855450172
1188000,-82966.17152420705,300.5612297321843,0.9777876426216259
1189000,-83250.40343009366,291.3497409912509,0.9870400988231234
1190000,-83173.75559903914,299.4558498309836,0.9807224035758585
1191000,-82728.96032863628,302.14963300764646,0.9844968644240958
1192000,-83163.26350017055,300.65230793332336,0.9948448112303092
1193000,-82876.16998284945,292.3176999621277,0.9897704691469272
1194000,-82944.9455325728,302.5282632082185,0.9814244639281058
1195000,-82833.83135250886,299.4927249629596,0.974323448876107
1196000,-83495.9492361226,311.5407668144592,0.9836265015139953
1197000,-82988.52069859626,302.5663364217314,0.9823360426111876
1198000,-82858.13627399056,304.39082926582796,0.9788113531506217
1199000,-83238.6824465894,305.8391126562856,0.9851926736800134
1200000,-83165.07041950087,312.21208415583385,0.9732779870785101
1201000,-82737.0302812549,303.42254657371126,0.984883608165232
1202000,-83044.69932088273,300.5317602350128,0.9887737131886819
1203000,-83068.32741468318,297.98458104641725,0.985468734369659
1204000,-82595.74252829299,299.49769798369533,0.9720250426310835
1205000,-83423.73171452997,305.32555786202323,0.9899223640751523
1206000,-83106.76863545191,300.5537220446643,0.9973657479916179
1207000,-82948.12279504939,304.26805497503085,0.9868979163054195
1208000,-83032.79556466202,305.71049856926965,0.980872269131563
1209000,-83573.63815711898,291.3043251439015,0.9833815705729113
1210000,-83075.29649600416,300.4063017983182,0.9818262245774811
1211000,-82999.88596789975,303.3913681768793,0.9882663858067187
1212000,-82614.2407585273,297.29854727544995,0.9767255129910878
1213000,-83046.09612265247,305.13637466738004,0.9854254256273387
1214000,-82722.29453365575,299.53670834380074,0.9859749241960546
1215000,-83129.70158849692,302.5871803861893,0.984376175546958
1216000,-83151.55559230753,307.0279379080473,0.9821311643014511
1217000,-83133.72079907398,301.98823767546264,0.9842511337571299
1218000,-83325.18144876091,298.43260999910143,0.9760563084568995
1219000,-83354.26617293828,295.6685152118567,0.9818690371425377
1220000,-83644.80504283635,292.6412914719582,0.9872560177717872
1221000,-83168.0927018642,296.6197137757473,0.9737533700610448
1222000,-82879.41016888776,300.0676777707257,0.9769140610991143
1223000,-83103.15516357415,301.70783857860573,0.9818085795607383
1224000,-83010.71498439903,308.3551161444597,0.9761021253527781
1225000,-83005.59586733021,295.12952204950335,0.9778437505859622
1226000,-83226.56282485148,297.4214125112077,0.9825195621576504
1227000,-83478.85828159656,296.7296326078587,0.9935613558433043
1228000,-83301.61734179221,300.3586827401078,0.9843380068713644
1229000,-83193.90342053137,299.886118044924,0.9818931443258576
1230000,-83320.1683296843,296.665616477888,0.9875650049052763
1231000,-83405.57988555002,295.64701018245114,0.9909583821351925
1232000,-82638.7802867163,302.39920499343907,0.9799614306407307
1233000,-82634.70004279481,299.62992482524913,0.9860299507196092
1234000,-83274.98565508035,303.2945891391374,0.9838443836221095
1235000,-82627.97265599383,300.510118737751,0.9791989703084026
1236000,-83176.3562463944,297.1811607180898,0.9919882617953882
1237000,-83112.34614662093,304.41302848058854,0.986632148413335
1238000,-82782.97776647768,295.07499664404895,0.9836999990857711
1239000,-82797.4127632702,299.47276483543476,0.9785873464701496
1240000,-83330.13790506497,289.19701195666954,0.987675493180405
1241000,-83242.41686777555,298.1474428246931,0.9847097506202578
1242000,-83062.9391662163,302.4010724946143,0.9784552861899899
1243000,-82620.6980302995,299.00172152229237,0.971202519621383
1244000,-82898.38539614232,305.3417146400718,0.9874067809771598
1245000,-82307.87980481074,296.4079188566207,0.9756259443695299
1246000,-82720.15038411907,305.69355388680015,0.9729512757037335
1247000,-83248.40255467233,297.9812981433994,0.978122011864053
1248000,-83682.84564538405,305.4635933834423,0.9997494316850167
1249000,-83150.6763550642,293.48476226442597,0.989261649527678
1250000,-83481.95578733855,305.79171398584305,0.9847386800779432
1251000,-83584.94039393077,302.832162906229,0.9888469275280368
1252000,-83598.47453906457,298.94285942591296,0.9822216469678793
1253000,-83178.45281370083,302.87545764036855,0.9848737705688193
1254000,-82980.79453345807,301.17467242594273,0.9746774540291148
1255000,-83348.15639901755,299.4678941143446,0.9854877012647445
1256000,-82879.78202076006,300.3310881414715,0.9842411465209936
1257000,-82766.39467507554,297.27362049843236,0.9829479556843678
1258000,-83069.81017227122,300.6117678239779,0.9848120698361694
1259000,-83540.51632402273,306.2654331221235,0.9952563595606512
1260000,-83516.68912302813,298.2899578803973,0.9928805731926456
1261000,-83308.16728351935,302.6969398375755,0.9870905796483733
1262000,-83124.28799056943,298.71460655622366,0.9687988425950893
1263000,-82563.38226754044,300.288612720977,0.9773198150733577
1264000,-82919.38764636777,299.17956094523265,0.9926844610285428
1265000,-82639.37367612985,304.27749795975603,0.9904326739658466
1266000,-82993.0305805172,303.24187001754257,0.9876008156167785
1267000,-82818.2197633824,304.10984383971135,0.9856204883590141
1268000,-83199.68582131562,297.27148871026975,0.9875398806098612
1269000,-83269.3412913807,300.4158224852556,0.9869076222583036
1270000,-83014.51606445841,300.7923953160533,0.9759126097031694
1271000,-82729.6293505751,304.1362004138091,0.9701801312764272
1272000,-82796.20331935282,299.794548363005,0.9821663710140357
1273000,-83394.42253133166,296.5729056704177,0.9842196074315815
1274000,-83111.99093028146,302.98670863474604,0.9861224170975491
1275000,-82990.62540438719,300.6999864734152,0.9763617315172035
1276000,-83053.85476791405,302.07131967025873,0.9829365994436471
1277000,-82964.82903819997,300.4050496327951,0.9709154406658819
1278000,-83576.97992652905,307.14109182239514,0.9879326696214749
1279000,-82818.53334487882,303.7369049678249,0.9828426984679663
1280000,-83002.68258784513,303.09247548401953,0.9790945169968372
1281000,-83297.07105725695,292.89930045122105,0.987236899609345
1282000,-83294.93810573168,296.76983238638996,0.9878441919726686
1283000,-83312.25355578621,292.9186433729056,0.9845219928531355
1284000,-83770.39683589723,298.2614742810969,0.9987865658384942
1285000,-83131.18184421922,289.7979151857304,0.9883407842943412
1286000,-83568.7191518459,303.33192219335524,0.980530069983988
1287000,-83225.84794500447,296.97330494440484,0.990703780219351
1288000,-83197.21548674797,305.17348433807535,0.9801994632786373
1289000,-82809.20241955033,297.6139966826266,0.9798275943706872
1290000,-83050.81306512532,305.7765184620166,0.9828973231598782
1291000,-82776.03529962228,296.36310396581524,0.9834034530088616
1292000,-83297.90778443927,295.14208486152444,0.9863576454686035
1293000,-82795.2709800551,294.12755123486795,0.9852766783443248
1294000,-83139.64658302872,294.716441636285,0.9889018244822566
1295000,-83481.11133492284,300.3419265315415,0.9908344053998287
1296000,-83602.85343603045,297.75982195775777,0.979224110028183
1297000,-82858.91495194501,289.6565938949284,0.9833902341956874
1298000,-83454.21440403914,297.0352026678935,0.9815113113707576
1299000,-82995.42234620801,296.8342143031157,0.9828092309721086
1300000,-82957.79477442557,305.71892361942093,0.9717590868805107
1301000,-83313.12654957752,304.50643798389336,0.9866427586646429
1302000,-82935.50366009341,302.87531877540897,0.9825498054010207
1303000,-83163.29770444147,305.63089398935665,0.9975507270536056
1304000,-82701.81013883662,300.980221118014,0.9720143086369906
1305000,-83007.8086668019,296.5449789628006,0.9792443784472474
1306000,-83080.63069271034,298.91722574849837,0.9837112324430488
1307000,-83253.87520614872,295.6399184132531,0.9786404950941838
1308000,-82973.6529835721,296.7496554231101,0.983010631411646
1309000,-82849.64825524483,302.3951106904478,0.9884610357904771
1310000,-83072.87469490815,297.98518935514466,0.9820717802816371
1311000,-82966.25237560907,303.0019791454289,0.9828686080575747
1312000,-82770.16989392275,302.5562915076183,0.9756347332947968
1313000,-82955.94921738573,299.4034082003395,0.9820749006451207
1314000,-82894.17444366834,300.7697634458554,0.9781112909776492
1315000,-83372.94889655546,300.60800102296173,0.9926175619140518
1316000,-83142.24568999879,291.0837041807184,0.9890350142100318
1317000,-83260.62537827773,301.2238471657938,0.9798506418178384
1318000,-82892.26242236898,300.33648721685677,0.9785306586960888
1319000,-82564.99839696521,300.44115279864815,0.9802213461977813
1320000,-82868.0431912872,296.8204195661055,0.9832087101031595
1321000,-83300.55022293353,301.81948908999607,0.9814812134410905
1322000,-83549.27854347829,301.1948978018626,0.9928796619555891
1323000,-83732.18977280275,305.0500560697016,0.9918126025534209
1324000,-83748.25075275957,301.60717275747317,0.9823197902635986
1325000,-82804.72742533282,302.1127362370105,0.9842757012544674
1326000,-83117.4748577656,305.516818280199,0.9891228369203652
1327000,-83702.70323655638,298.01152968498985,0.9868908389788278
1328000,-83593.99613141094,298.1586959255484,0.9905774333893542
1329000,-83232.92211920145,303.62312456698436,0.9884882664803621
1330000,-83044.39658411138,293.8834439213702,0.9783294304339479
1331000,-83203.34523983469,298.1871108772919,0.9868113708806802
1332000,-83303.74053566827,299.54930364221036,0.9778709922684896
1333000,-83177.82533850492,302.0482013090362,0.9890338009832418
1334000,-83198.66347159311,299.5074045098624,0.9722048184242184
1335000,-83067.34294117294,294.85328411584607,0.9672897095270908
1336000,-83147.1991731553,301.3779712101489,0.9809754378501729
1337000,-83194.74075275427,299.51884289130624,0.9923669181345274
1338000,-83155.70652585512,291.8047132273351,0.981987881158275
1339000,-83280.60420077102,300.50834606904067,0.9849000018573867
1340000,-83508.11445573193,300.484243080658,0.987669763139424
1341000,-83097.13621212356,297.0492103974016,0.9808689994228942
1342000,-82662.13069073105,290.6019002169606,0.9889168426389503
1343000,-83239.37136444187,296.44612207229125,0.9948917939106883
1344000,-82542.8952888794,297.8973111999353,0.9873137547019879
1345000,-83239.51489839831,300.9317835861437,0.990349913098541
1346000,-83232.47401635576,302.86985345772206,0.9880190425596098
1347000,-83126.86967562488,300.7864892550723,0.991020299498254
1348000,-83396.09395767469,299.99683330741016,0.9841121201481365
1349000,-83308.60104335652,298.87119894866515,0.9834396776294306
1350000,-82996.41829446482,301.95369180783325,0.9875628110075947
1351000,-83235.01872482739,298.81909338392904,0.9826091873303657
1352000,-82552.316260867,295.4434345254932,0.9814102448224882
1353000,-82986.10371220508,300.3702082566725,0.9844114045389213
1354000,-82670.49430155614,304.00019441567616,0.9954916772904173
1355000,-82846.0836681017,299.6221870598559,0.9886803823369501
1356000,-82746.39096460835,300.74787838340745,0.977403795115986
1357000,-82904.78557628224,300.8882398887558,0.9750371265765905
1358000,-83167.78687468515,299.37911139031723,0.9776924511777653
1359000,-83414.29134451709,302.8074933374784,0.984126570285155
1360000,-82944.28518545302,300.27884151596226,0.9789432893281709
1361000,-82808.80183379387,295.363204885439,0.9821833610091938
1362000,-82909.44454154145,300.7101524690402,0.994085837262482
1363000,-82952.81165373977,299.7676831921977,0.9971825453096259
1364000,-83052.39218330412,294.9530107442727,0.9851038713958833
1365000,-83563.93392934889,297.6757746014008,0.9866418763460371
1366000,-82741.87635333918,297.2975435932483,0.9736979201389545
1367000,-83259.9480828559,307.11616934249844,0.9879991817776309
1368000,-82805.14253573545,306.2767232948862,0.9799808914504374
1369000,-83112.82798761007,296.9139598881895,0.9787785872846955
1370000,-83097.38380038762,304.5926445858099,0.9883396741002315
1371000,-82842.12204601563,297.49820719485086,0.9780904041419597
1372000,-83244.47307655634,306.3184780672105,0.9779699911335717
1373000,-83108.53553883341,299.28099147078973,0.9837074085005816
1374000,-82739.32999734039,300.8909547779094,0.9822967569883796
1375000,-82973.09998468083,304.86742611372887,0.9811351291410382
1376000,-83117.34333458944,301.62774291620116,0.989262241518307
1377000,-82811.73420548282,292.87451816911516,0.9829432140092613
1378000,-82890.47215384111,299.5969662568899,0.9780570072041178
1379000,-82667.28623775975,302.7920710865779,0.9776840447292784
1380000,-83291.86035810912,301.4308588577758,0.9783141128335578
1381000,-82731.95602604613,299.8094882909582,0.9864347699356384
1382000,-82993.55233456631,308.07050550874254,0.9835848913785707
1383000,-83297.51176627557,303.54840701364805,0.983377472259133
1384000,-83512.99289819249,299.71414905837145,0.9856727035352786
1385000,-83058.2923114606,300.9358726565996,0.9941824335274457
1386000,-83099.87206581421,301.52364601660935,0.9797130132468628
1387000,-83409.90979587758,294.60620985546717,0.9976631958733403
1388000,-83078.11508355598,295.88354641045754,0.9839612978781483
1389000,-83241.57439892995,300.4273118814914,0.9727573503548731
1390000,-83310.4397473259,301.3696323007757,0.9848389283478269
1391000,-83200.16786877386,303.25843674977256,0.978770933577306
1392000,-83077.89316490781,300.9849683797935,0.9781665244129663
1393000,-83098.85835378361,297.8796272430422,0.9822019606951625
1394000,-83002.78912452824,302.1874888111629,0.9754241455556713
1395000,-83184.54055403307,298.6317472624944,0.9854206316080419
1396000,-83378.7124787079,295.19080646772136,0.9822460776054789
1397000,-83223.42799231288,299.7074284052585,0.9849475318384909
1398000,-83385.96649076813,297.60086496251785,0.9879176072167619
1399000,-83083.5408242729,301.7777856509157,0.9808563770647936
1400000,-82522.10877378355,297.6770312048557,0.9829559832431937
1401000,-83024.58949644445,300.36837550083135,0.983952174691371
1402000,-83440.32545927848,296.825875106377,0.998191537463029
1403000,-83011.97684144124,297.9651830891446,0.9785980931743208
1404000,-83248.45397864748,302.8770291790115,0.9840694786448625
1405000,-82940.05709869921,295.2032026719826,0.9777815889881174
1406000,-83141.4581713858,304.72971267729815,0.9994895662905562
1407000,-82917.58664540038,295.6138375371039,0.9856887586689959
1408000,-82999.89038221323,303.26611511635593,0.9728255321922746
1409000,-82881.59751141502,303.97449359357563,0.9804750475370531
1410000,-83166.09178238775,295.3327309090735,0.9888762334189088
1411000,-82871.9797248703,299.76205366755545,0.9834224088656631
1412000,-83006.90530799335,295.06684851070327,0.98347183171297
1413000,-83043.42611361737,302.28300701992777,0.97414322342878
1414000,-82864.4009273189,309.56095570220384,0.9780059461365775
1415000,-82643.01017878199,295.2359927678354,0.9852080221523098
1416000,-83049.49545693106,302.2950591307103,0.9917732879088341
1417000,-83244.29770092672,296.06880456027756,0.9933623071478449
1418000,-83266.85239151679,298.7294010409415,0.981840461603815
1419000,-82920.78258795844,302.86202346918975,0.9782730472890064
1420000,-83148.9009269281,305.36120324557135,0.9869235561960514
1421000,-83084.4705963317,295.4526995216781,0.9820144004381293
1422000,-83534.74288865877,292.8953469353862,0.9952495872582071
1423000,-82899.37253684032,299.40263167054866,0.9768179604970403
1424000,-83162.49591825245,297.8056698480975,0.9783733260271316
1425000,-82907.57569206198,301.7962750294117,0.9762388175304764
1426000,-83255.78652704431,305.5362597708438,0.9833549792377972
1427000,-82904.46705330332,298.75714633625967,0.9860967729775835
1428000,-82233.19952678052,287.6386690896584,0.983355257402957
1429000,-82565.7234777764,307.6247610269699,0.9918134360587674
1430000,-82708.59272829519,302.25125490601476,0.9826874896531219
1431000,-83359.13342573494,303.4893165624941,0.982503331279179
1432000,-82913.45535572793,296.83880599653554,0.9890168920202296
1433000,-83459.28511090652,301.7349646064135,0.9934788601592757
1434000,-82586.33381582785,299.2849700355383,0.9943055120260812
1435000,-82826.81650508771,302.2707642072296,0.9891206428053013
1436000,-82813.04043476266,297.47453000010665,0.9828321639551577
1437000,-82841.9673372875,303.89044402446035,0.9890534327870822
1438000,-82863.35244583432,308.30901317222896,0.9766957275478751
1439000,-82867.67464228062,298.5004739465968,0.9825151095159315
1440000,-83349.5902665531,297.8443590037366,0.9828604557201235
1441000,-83164.53250475001,301.35095980220336,0.9784905599057389
1442000,-83169.22365617432,304.02375914027317,0.9962904614298589
1443000,-83279.47830983734,302.3370556273312,0.9962281998184208
1444000,-83559.985018018,302.41887916483626,0.9909098198152018
1445000,-83245.14393271523,305.1721642089479,0.9885151488265198
1446000,-82947.07053299906,296.82189736556336,0.990656530445053
1447000,-82629.3679773924,302.1020380539522,0.979397600360115
1448000,-83051.43257883121,307.5632965435624,0.9798241647220596
1449000,-82281.63792123663,301.75082534314384,0.9831869276175961
1450000,-83357.11456310551,300.2300817064755,0.9852148864464162
1451000,-83840.62294453278,303.6906542171113,0.9847017738028548
1452000,-83683.33673751645,301.1126813450493,0.9899615557315593
1453000,-83418.10640042624,298.81482559444635,0.9837632962945407
1454000,-83276.49255617731,297.19621425505585,0.986073213456995
1455000,-82571.8972199246,303.65196434929027,0.9749652413339204
1456000,-82768.84140242753,296.6679454110825,0.978682723168914
1457000,-83051.27504372975,300.14767638999433,0.9891636714872448
1458000,-83541.34173924976,304.9103133284242,0.9946453442239819
1459000,-83052.18986618577,296.2173649393806,0.9872199098350568
1460000,-83441.4428080938,304.6921478845108,0.9957124304491733
1461000,-82981.17484870466,308.73610660482865,0.9957742332086134
1462000,-82980.42633813765,307.24109624826934,0.9801218229044015
1463000,-82566.79993676225,304.3341529683125,0.9756170865847142
1464000,-82851.84488800133,302.01334858860577,0.9851512250486629
1465000,-82787.35550502368,303.38537873845837,0.9771486758894202
1466000,-83015.89595178032,298.8609019022008,0.9875356723429162
1467000,-83416.10352124338,296.1827074459429,0.9897626314005682
1468000,-83055.28042832238,291.3425753751712,0.9852567757413092
1469000,-82614.98689154675,298.9810168239349,0.9700319421206974
1470000,-83112.06216496759,300.7179749293462,0.9869759234570555
1471000,-83228.71837151272,300.75023886916574,0.986642594316261
1472000,-82856.46215079329,300.4162967747108,0.9709183688134336
1473000,-82825.45406947739,300.4733142703633,0.9855438282378022
1474000,-83211.52305265528,305.95116541349205,0.9885980593608318
1475000,-83000.06581610074,304.76269767161443,0.9814769124705902
1476000,-82932.08616437926,303.0436188698208,0.9719341115802578
1477000,-83343.92788784555,300.42644235851014,0.9879578197794711
1478000,-82706.07767102704,302.10816883776175,0.9780224471037648
1479000,-82927.42896712944,303.8079269098434,0.9772096578049082
1480000,-83340.09307417419,302.2649284123054,0.9767713379686304
1481000,-82696.90721308423,298.40884748401334,0.9744153292720783
1482000,-82652.1971937443,298.7744893860244,0.9736006560864134
1483000,-83018.33878703177,301.098229627047,0.9845993077197931
1484000,-83055.54718583485,297.3584423239621,0.9857741047407557
1485000,-83500.82599499932,304.5187256742096,0.9786897773881184
1486000,-82784.22180104646,305.034902175519,0.9740101555560592
1487000,-83067.56668345165,304.6218159316572,0.9849866879039123
1488000,-83029.91992754582,303.4473984474796,0.9860496148311826
1489000,-83717.38702438195,303.80233216577085,0.9951220836099471
1490000,-83147.9799462643,300.4008895898267,0.9907919032342959
1491000,-83187.34649769292,292.75028480816195,0.9745041866399974
1492000,-83422.16562863538,299.9779726056842,0.9874710172517327
1493000,-83113.39526293986,300.93138145393755,0.987456119135586
1494000,-83014.86515154666,302.0878440214402,0.9933772853030435
1495000,-83272.56523825438,299.5588455708885,0.9820843533450578
1496000,-83087.94821532402,299.1070247021508,0.9793249708479121
1497000,-83627.7375775865,294.056410934977,0.9904685897061322
1498000,-83330.77033534629,298.1967128774042,0.9848696833358226
1499000,-83624.96377722564,298.5799747128622,0.9858000942177865
1500000,-83540.15371595719,295.67726056752457,0.9834561513341019
1501000,-83244.2891050349,303.89803239799545,0.9895399856315803
1502000,-83032.21763892373,298.2074560161864,0.982935562247264
1503000,-83362.7814853806,307.6560022446501,0.9852892388552571
1504000,-82996.1294275595,294.87230354222675,0.9840028590773492
1505000,-83669.8241250813,298.92434055328863,0.9840980741969062
1506000,-83294.22601172107,303.0628729754428,0.9932123068264808
1507000,-83758.81280182011,291.9428365178055,0.9917579214450767
1508000,-82973.0071126732,289.7797905259422,0.9876931916678875
1509000,-83228.84316890617,303.2318265296028,0.9926095306555566
1510000,-82653.53413738805,297.73469756764865,0.9674296928720655
1511000,-83366.48586403026,302.65051525445836,1.0026989301851703
1512000,-83545.00922970101,300.29778322040016,0.9875077926297046
1513000,-82786.34414883214,301.7069099671061,0.9761507652815777
1514000,-82569.17004045798,297.464058182435,0.9814106301492721
1515000,-83485.76169252844,305.107708173014,0.9871755714288418
1516000,-82773.88788898115,303.1771962343123,0.978847036657872
1517000,-82717.38132362335,302.6790815871656,0.9793964120107912
1518000,-83153.3195006033,303.41526258606785,0.9893326569322278
1519000,-82919.64527910016,295.4774943879271,0.9797702242733373
1520000,-82957.655312636,299.0882831732831,0.9761140798508872
1521000,-83052.46497875755,302.77283922111206,0.984478027850396
1522000,-82987.81718380225,300.58464719049255,0.9868924138203393
1523000,-83109.01929066266,297.55867122797,0.9941442282482897
1524000,-82768.7212478412,293.49513074534065,0.9772246524943901
1525000,-82782.57421956293,299.44309907470586,0.9751314259793648
1526000,-82652.33473826532,303.8509258758052,0.9809025035181428
1527000,-83202.59773863672,299.60771744260103,0.9892946505702177
1528000,-83436.24573502399,302.93007449219954,0.9848686184120151
1529000,-82646.76349457173,301.90902015042343,0.9750538634123361
1530000,-83292.81073167437,297.7800102827104,0.9749842207012095
1531000,-83220.71484771767,300.61567275317805,0.9842917672142314
1532000,-82713.1459233074,302.2136492605287,0.9767503720991622
1533000,-83104.59607502195,300.06625720932993,0.9863986587713643
1534000,-83076.42409342318,304.80277060651906,0.9794330573818225
1535000,-83331.02765186114,293.9341810780835,0.9848152733339909
1536000,-83528.00465107948,297.60353604853344,0.9857851437418806
1537000,-82921.13855202147,300.28949728876785,0.9790874481671937
1538000,-83024.2579878862,302.35248689270793,0.9884371631311325
1539000,-83650.99466625141,298.7897296512347,0.9959328910335684
1540000,-83057.2520690331,297.93894857286324,0.9875907641207816
1541000,-82494.01303038083,302.594129016927,0.9834091345743498
1542000,-82952.84464083111,302.0547996342084,0.9911797128759888
1543000,-83260.5676835326,299.8390098398886,0.9880996269891782
1544000,-83016.80334745278,308.18101561465227,0.9940126660169756
1545000,-83426.44441584562,299.5147084830255,0.9942923624745134
1546000,-83066.16580267943,294.190822947045,0.9889504122180746
1547000,-83311.61765260232,302.5546115376526,0.9850275363601425
1548000,-83370.58934398077,301.73393167857984,0.9796546764072486
1549000,-83244.14885971462,297.0490522552747,0.983071243589329
1550000,-82839.75429066666,295.2173819373305,0.9826564954069875
1551000,-82597.31621449243,299.6177128036893,0.9796130967282191
1552000,-82978.84772736166,308.6431980368831,0.9891651763210701
1553000,-83104.64212742727,302.88635206483866,0.9894837221685723
1554000,-83139.32917740778,305.9871460745952,0.9851525343941622
1555000,-83102.61498758971,296.6489189305941,0.9797589388377855
1556000,-83160.6793079605,298.6347425440545,0.9903995475128392
1557000,-82736.25837285974,297.46581144062327,0.9759255617934999
1558000,-83046.53813119698,304.97730255405054,0.9768742283337093
1559000,-83087.18968036649,298.4490259490449,0.9883989328005264
1560000,-83008.17435145826,303.84721043681185,0.9785716457882301
1561000,-82940.87136179424,297.82401245958306,0.9860913303804014
1562000,-83333.40415372897,302.80933358283863,0.9909642640972393
1563000,-83220.41910754534,301.76038486728123,0.9827310471331602
1564000,-83167.03788684,298.94385000304055,0.9726540050325536
1565000,-83545.42763951945,303.1317272718912,0.9945939907249167
1566000,-82787.2217724382,291.2396373274529,0.9837172878831572
1567000,-82950.78695971402,298.883362097172,0.9783589118928456
1568000,-82883.48620665848,303.7948326671682,0.9830618830632366
1569000,-83098.94095104502,305.091460233583,0.9806484552635768
1570000,-82978.14073031757,301.1056782038917,0.9897318921001295
1571000,-82879.79851954599,297.7606546588338,0.9957787231027929
1572000,-83086.55307764263,303.5063860735542,0.9845850055987811
1573000,-83521.83392440662,303.3667125198249,0.9790158883913013
1574000,-83923.29110984184,297.44061117337156,0.9866578691453557
1575000,-82932.56531967968,303.29254862021844,0.9809186855607956
1576000,-83174.99790392315,297.36565026915787,0.9747995460492058
1577000,-82985.8184441977,297.6806360772722,0.9866727377647407
1578000,-83106.60208011937,299.87928217021965,0.986794311337805
1579000,-82921.474841266,299.05787048119356,0.9956961749339139
1580000,-83147.19024931267,300.4577592532555,0.9877526775048515
1581000,-83217.81947049324,300.5463876866754,0.9906105704058153
1582000,-83379.66846869077,304.9472712160626,0.991121089200212
1583000,-83121.13481015706,295.47065915292876,0.9827466787959794
1584000,-83158.67601874436,305.3611196434704,0.9762461001872186
1585000,-83279.47444990615,299.8300699172641,0.981803458607763
1586000,-82734.67291505606,305.72830141574667,0.9836843009580466
1587000,-83185.42104507302,300.84944440667533,0.9793405340035977
1588000,-83427.40510498767,290.72657451879473,0.9803534975349647
1589000,-83276.50663608767,300.28161679685064,0.9967658882047066
1590000,-83185.32922833692,296.15527121710846,0.980287545966264
1591000,-82909.59495690314,299.6624114662038,0.9819830832054266
1592000,-83228.5276479784,297.3251197658918,0.9922483550051772
1593000,-83283.71748136287,299.8716211807535,0.9836128275425069
1594000,-83067.88321260823,296.6258383777723,0.9846560919168186
1595000,-82820.25721259881,308.61521209211526,0.9809812597256442
1596000,-82569.03099731827,301.8388012286706,0.9784081306199922
1597000,-82468.15474534198,307.05886870783763,0.9723867936715505
1598000,-82832.60605825891,303.8180141447761,0.9795158875235139
1599000,-83153.54288313119,299.35018432120614,0.9849631990039731
1600000,-83423.3482301376,295.53602160416136,0.9870487370439379
1601000,-83138.90840984217,300.3464377760286,0.9894786076668421
1602000,-83423.91426858597,302.5799662183124,0.9888652352493212
1603000,-83337.81743824406,301.00203032126797,0.9776194951171008
1604000,-83120.45505859086,305.19794557861104,0.9965161923406478
1605000,-83064.062745834,302.14356406305996,0.9765329273777011
1606000,-83308.52988367347,303.40068198493924,0.9933175051706138
1607000,-83006.80210299633,308.07872898817385,0.9828988746460008
1608000,-82714.08157416666,305.0485247345616,0.9868472387343432
1609000,-82749.33437395946,299.9320033164511,0.973113143800041
1610000,-82780.66078463261,305.9727507536999,0.9820171747020967
1611000,-82924.8766562515,304.854777198055,0.9713937839572669
1612000,-83174.21721485333,298.675791291689,0.9811323169157029
1613000,-82931.32265214494,291.9624701629863,0.9833991144413287
1614000,-83687.92442497087,303.6483187822501,0.9842568726193294
1615000,-83425.1328179196,294.14198184316103,0.990975463258505
1616000,-83479.6040117211,295.4013131653647,0.984096619949579
1617000,-83522.66374144965,305.5952678762277,0.9843054161671905
1618000,-83459.25042176864,302.5760399693362,0.9957649789997532
1619000,-83607.44667578809,301.2211056590176,0.9862409856834461
1620000,-83765.88096485432,298.95332309511355,0.9927260083537252
1621000,-83137.94128435536,294.46357494813833,0.9795143861873381
1622000,-82742.90651194245,302.1177621304649,0.9882863323168437
1623000,-82693.44427256694,299.55903469023417,0.9855178025290312
1624000,-83027.58806613827,301.8990531236197,0.9866142965821497
1625000,-82960.06523242267,300.4302138047005,0.9756721159988195
1626000,-83214.28973371634,301.7677603262322,0.9863287917915058
1627000,-82716.07545492705,300.39447946733753,0.9821713736876041
1628000,-83694.38503947033,296.2278390473524,1.0023924619996105
1629000,-83056.68872727524,302.12188584744626,0.980401017694069
1630000,-83332.40647762269,302.0100628153093,0.9765726998580561
1631000,-83223.08666044375,304.67198544913066,0.9813843396936317
1632000,-83335.17098517413,298.8109293318362,0.9800372312938427
1633000,-83536.69126412016,289.7743019124491,0.9822233868243385
1634000,-83471.0417616425,306.4543960257336,0.9960938753910025
1635000,-83094.4880788796,293.64456565560397,0.9949574307344907
1636000,-83278.86167249066,300.33874135776216,0.9904846971575327
1637000,-82763.54364640138,306.5434585491369,0.9788727825506154
1638000,-83604.18822693283,295.1882330048106,0.9887967996892871
1639000,-83499.31778696948,292.2889798650524,0.9852310217875184
1640000,-83285.55543910124,298.84243901487423,0.9851225268196732
1641000,-83478.5392016765,302.0050117067173,0.9974227292558454
1642000,-83071.27568508865,296.9282990201444,0.9873134651602786
1643000,-83082.517821012,295.13299454539066,0.9871416345226419
1644000,-83572.731362516,295.04755254642015,0.9880424249188274
1645000,-83594.56054968241,298.5076767497356,0.9857376074811649
1646000,-82564.1098371442,299.89198012002424,0.9780466590596222
1647000,-83234.28297958814,296.56727017713825,0.9958575980372327
1648000,-83030.24117869139,301.30396678849985,0.9785443887252692
1649000,-82148.81347697246,304.72069761271007,0.984425024293762
1650000,-82786.66708514182,308.0320937566815,0.973637658198796
1651000,-82451.9159999243,303.3159222648479,0.9819827955643837
1652000,-83085.64249248325,301.7481822253873,0.986058671195103
1653000,-83209.40753379231,303.9870503795209,0.9830264916268417
1654000,-83608.67013953655,297.0132058403568,0.9929070540999022
1655000,-83120.7513309241,307.652708976506,0.9785741880185607
1656000,-83016.78073845903,306.44689545934983,0.9776018746389262
1657000,-83230.09584604413,299.5166482595728,0.9836513391364625
1658000,-82771.49689724232,300.8674557508737,0.9841411697256939
1659000,-82848.54136635433,303.9464663752179,0.9751435425961115
1660000,-82671.48425157438,295.5544180470775,0.9788662637398907
1661000,-83100.01839672663,304.55731986183645,0.9820425251003669
1662000,-83207.78654971643,307.4042248420511,0.9831354700365458
1663000,-83133.74876381422,300.48680913306873,0.9811380344093258
1664000,-82995.35145957465,303.77951917130554,0.9917082811684329
1665000,-83091.38649219088,300.7070247100047,0.9807890243820306
1666000,-83031.919099855,300.0171507361124,0.990673425993447
1667000,-82993.31322458037,301.8568008442173,0.9925438042638277
1668000,-83210.08272878145,297.5644914163613,0.992839167086749
1669000,-83573.42883523309,296.4208130308408,0.9895017433819979
1670000,-83197.9255147556,302.87929954212456,0.9966734646029818
1671000,-83209.09563246614,302.08905791249384,0.9819998928525506
1672000,-82718.68951792509,304.991447380195,0.9883415481705974
1673000,-83076.43869772699,301.5800689915998,0.9804338444817736
1674000,-82972.03557417449,297.22977734111413,0.9856270761158504
1675000,-82762.13229690708,311.2203100015177,0.9808457948782194
1676000,-83054.62462081155,297.9175714475202,0.982738017640861
1677000,-83230.33969673095,303.0408840483628,0.9865673557930171
1678000,-83135.4468998569,300.8659112090266,0.9838278384816503
1679000,-83085.59445923206,298.75623595617424,0.984534434431164
1680000,-82627.83595469093,299.3318360010386,0.9854372792487354
1681000,-83286.32414850465,296.92206534045454,0.9816337483171007
1682000,-83413.04117276648,298.87116062481323,0.9891651090603265
1683000,-83125.88375590066,298.609897697649,0.9827131550275098
1684000,-83546.18215032504,294.8441731679187,0.9821143747787355
1685000,-83586.60189537628,301.2241882903725,0.980466791285346
1686000,-83119.89788456017,300.72563736141296,0.9811303378602602
1687000,-82983.22512143286,295.89539810762665,0.9808257015982221
1688000,-83161.7840166961,293.74111421466233,0.9842116286486964
1689000,-82764.69259820855,299.4515495980671,0.9786586453220991
1690000,-82478.5645385934,299.8771779770473,0.9869262053715887
1691000,-82780.80578985863,296.52727717083206,0.980234644868007
1692000,-82682.90940470854,301.04213847020714,0.9839617690688708
1693000,-83302.80690632772,303.0400310595647,0.9925474341724492
1694000,-83237.18035472551,302.19159813689436,0.9829431047863059
1695000,-83015.36426421424,301.3140798997799,0.9852174303012176
1696000,-83183.67202713073,302.05059421946726,0.9777860300400334
1697000,-83306.0331879012,298.297772047529,0.9812912514716466
1698000,-83384.92780222045,293.35896643217296,0.9852155099879378
1699000,-83161.99175940576,300.7976008368293,0.9877580588075442
1700000,-83045.67126625625,303.0844172959732,0.9840286637998998
1701000,-83409.83292322594,300.0413526186291,0.9931684085151077
1702000,-83618.66890375823,299.2774336141035,0.9845322718990279
1703000,-83095.47169557348,300.1524476519926,0.9938677432624975
1704000,-82866.5608026124,304.00435922065327,0.9752741923256658
1705000,-82740.63812635292,301.02947851214094,0.9894442598408871
1706000,-82647.77378216252,306.004862240433,0.988997419994601
1707000,-82478.07388648827,302.7690228023269,0.9762864788546276
1708000,-83036.10440156335,301.6052678016601,0.9874256202763052
1709000,-82771.79562244331,303.0830203639519,0.9814733474342352
1710000,-83265.18353738025,302.0970859275414,0.988896318186343
1711000,-82842.19182260643,298.7056869769218,0.9921576964979647
1712000,-83103.77676465671,297.9283294529965,0.9909712346397405
1713000,-83033.65369185805,298.5846660654073,0.9879706833869084
1714000,-83057.50605755165,303.4388796706348,0.9764624952834332
1715000,-83020.88805957075,300.28042721495,0.974030790679225
1716000,-83172.75195280713,302.36907597417326,0.97674054931487
1717000,-82894.1778437972,306.11758961408265,0.9812691451986391
1718000,-82675.59762623947,304.97224379074214,0.9837657247201265
1719000,-82826.63713196293,304.30166982852825,0.9869773874331952
1720000,-82910.15269099124,302.3963356495271,0.9778693717475115
1721000,-82747.56822320184,308.97703992047275,0.9825417091092048
1722000,-83215.99396382115,301.23779922909864,0.9846595042198193
1723000,-83134.18999808666,299.6513522410269,0.9809830381985135
1724000,-83395.31514164538,296.6038744132598,0.99180589939145
1725000,-83727.04078777815,303.60945811712173,0.9905588981969533
1726000,-83397.49604376697,299.0804578990761,0.9893982703064046
1727000,-83068.67018299084,299.8284636951194,0.9922937584296609
1728000,-82937.4842697854,302.89932126148,0.9934706417086094
1729000,-83290.87068197608,296.6980419387555,0.9731121286444542
1730000,-83122.20377235865,296.763542611131,0.9861906207218786
1731000,-82390.02474124788,299.79990774061224,0.9726228252188093
1732000,-83176.27319092304,301.81920917525997,0.9885560130338739
1733000,-83307.72081106261,297.36985313283253,0.9861093628427544
1734000,-83218.09728250181,297.9141032694373,0.9855113592656416
1735000,-82721.7442476041,304.9424474219932,0.9805462674399584
1736000,-82586.6514105135,299.17212725674585,0.981096957053693
1737000,-82794.96413837577,301.78491263859166,0.9751346417404467
1738000,-82817.59645533649,301.0131033799377,0.977875720172728
1739000,-82555.86372392537,295.4503020277594,0.9763123172254351
1740000,-83180.63836704491,299.91878346324654,0.9900357937828882
1741000,-82776.86121687398,303.50501950303106,0.9798266080826641
1742000,-83289.44347565685,300.55684740031677,0.9835719282783781
1743000,-83512.98680320266,305.60408587002223,0.9829097463625827
1744000,-82961.81788026128,297.9464165139354,0.9772358069864171
1745000,-83003.52230187936,302.7410262342283,0.9935086987823823
1746000,-83123.05320102884,291.99679374293106,0.9844066375235228
1747000,-82986.78392304026,298.58033577774273,0.9882087668037537
1748000,-83154.39932184818,297.2044781055,0.9911129081381974
1749000,-83329.82750176068,299.90572247353805,0.9902748387357522
1750000,-83248.92468239291,298.59149226643115,0.9831815630730505
1751000,-83386.32239192456,299.42761303039373,0.9820433706533837
1752000,-83483.7942875207,302.71087582694093,0.9927172320854583
1753000,-82890.9408944418,301.12350452402103,0.9893584180375413
1754000,-83130.22927372408,300.25959505372055,0.9782949515497492
1755000,-83383.7951060186,301.4185788889827,0.9812596621781843
1756000,-83332.3675882935,301.11840376039805,0.9930357573696543
1757000,-82886.47790904745,297.16228903568384,0.9791630354047468
1758000,-82955.93943788775,297.95537199635345,0.9803479227308991
1759000,-82945.55102110008,294.2170426883812,0.9863184789575073
1760000,-83110.34399831103,308.39222257336655,0.9825850057552565
1761000,-83094.44220663031,305.09431569362715,0.9915546099938181
1762000,-82880.3968956832,306.31364673183595,0.9836232460610987
1763000,-83150.91216002259,304.87116212857813,0.9910048582390557
1764000,-83214.92463728756,305.1045970731728,0.9853126292588682
1765000,-82904.42950770177,294.3168881372635,0.9802077211170744
1766000,-82779.87643153348,297.8884632311736,0.9789912629812437
1767000,-83263.16983417363,293.6938621699454,0.9936132422172065
1768000,-82952.23225947964,297.19367787886637,0.9862344949005869
1769000,-82595.38162926293,295.75574353044203,0.9836184167156703
1770000,-83659.6952651674,304.38190798757637,0.9891331831545714
1771000,-82430.70848091133,301.41575527036093,0.9787970755040539
1772000,-83334.9709345582,301.87609221496115,0.9834800849103384
1773000,-83053.74654322083,296.944814427822,0.9790773017361567
1774000,-83285.7928664026,300.80963208383156,0.9966351930163141
1775000,-83619.64721770509,303.2673282481128,0.9968315109367312
1776000,-83413.35002802982,303.8730354637962,0.9815270446861809
1777000,-82623.6270990562,308.59796288262044,0.9815568628180221
1778000,-83198.01621732046,302.8196462532871,0.9819977769002085
1779000,-82834.83703000983,298.21894888938107,0.9870984179702583
1780000,-83210.31336825952,301.9943049763034,0.9853463446929367
1781000,-82589.24394877296,293.438149097001,0.9766312849910425
1782000,-82678.09828877775,297.4423796715082,0.9896025451269911
1783000,-82882.79951532808,305.41220125267756,0.9820072377589236
1784000,-82611.5750195476,302.50808223214426,0.9770927477519157
1785000,-83330.07164754492,308.38525147494124,0.9825943344938061
1786000,-83193.10334644868,294.8273049397307,0.9891834640594632
1787000,-83089.22450783261,295.7779393941849,0.9856293436823884
1788000,-82875.31978204683,300.7385062533704,0.9844974371907987
1789000,-83094.01365248067,300.42158748749586,0.9866687812043932
1790000,-83194.88587643474,295.93749883127293,0.9815108091679381
1791000,-82859.42094797204,302.19330899766294,0.997122738426387
1792000,-83245.67936915893,300.32923077182636,0.9801395140243959
1793000,-83405.82009336469,298.3719850081892,0.9819576800688531
1794000,-83615.35093878832,298.60005957466416,0.9868165661060705
1795000,-82989.92734400852,292.4797337323626,0.9806638140484755
1796000,-82536.3478588105,301.55176350829504,0.9813805228441971
1797000,-82993.69130081678,299.7431332102339,0.9874308523037691
1798000,-83117.37818679254,294.82828959709207,0.9818695598186955
1799000,-83111.30023360718,306.7557031206777,0.9801713123453553
1800000,-82329.19851168612,295.70883237172177,0.9785267981395656
1801000,-82529.13933585369,304.1196025284788,0.9798342420778968
1802000,-83158.22227271326,300.8072826067843,0.9840693502898978
1803000,-83060.44927560684,295.33263053911026,0.9906736924124565
1804000,-83600.70401164284,299.9503200994546,0.9822145360401835
1805000,-83265.28241514525,294.4852767343583,0.9858528987599392
1806000,-82302.04382002453,294.87596938272196,0.9623670878767852
1807000,-82647.71118383133,301.27743171476175,0.982015620118021
1808000,-82649.58386788017,303.5695106885052,0.9864922801968838
1809000,-82961.64762784896,302.9354595207922,0.9855558148026959
1810000,-82782.15345187514,301.8825342618662,0.982466819789648
1811000,-82445.87389847834,300.52528215210793,0.9794318254734566
1812000,-82912.90064019186,300.2967817030029,0.9894158178442747
1813000,-83340.86847407144,304.1006559741105,0.984827610433898
1814000,-82549.05915231217,302.14693042570855,0.973484023245991
1815000,-82837.3602230958,297.63713090471,0.98331814837466
1816000,-82840.93347351358,300.85885419994503,0.9799060430765494
1817000,-83040.85493821121,308.05499845012713,0.9770439672748585
1818000,-82615.31110859563,297.8665323007222,0.9868164655677638
1819000,-82716.13231361238,298.42078273294646,0.9783483230934734
1820000,-83179.15051947272,304.65014816047835,0.978181113209389
1821000,-83229.86657503911,298.0347697886853,0.9858895023318572
1822000,-83368.5196507391,298.39892421481943,0.9934215156104838
1823000,-82828.58212152973,297.9226097759116,0.979397789483938
1824000,-83171.84898813732,298.3056025994955,0.9846308052685594
1825000,-83341.6407805314,298.86321411221917,0.9810440198835572
1826000,-83253.97988339001,302.3937343365991,0.9850120274037356
1827000,-83383.8100186208,302.0481271767144,0.9821647734087557
1828000,-83440.86442660535,304.4935138250748,0.981795384877328
1829000,-82950.86266792077,307.74403103600645,0.9864050370962935
1830000,-82993.89900566329,302.226679572515,0.9907010218605271
1831000,-82925.97745374002,303.6718162226263,0.9860110604938187
1832000,-82969.03686037532,298.6977719913125,0.9850721395046689
1833000,-82857.25093618245,302.0655329820824,0.9801666092658617
1834000,-83567.52502340294,299.09848428662474,0.9893853134841881
1835000,-82851.82676822494,295.51089115297316,0.9853160311309027
1836000,-83192.37862893898,301.038080239332,0.9867683047704787
1837000,-82994.62652165839,296.17045390787644,0.9764828160846539
1838000,-83187.24189143383,300.84197649352114,0.9804756539766293
1839000,-83209.07834868378,299.7962009168724,0.9803787332578394
1840000,-83264.96760508674,294.3708992897881,0.9828732542568485
1841000,-82984.78375839605,297.21038863259855,0.9858205649289081
1842000,-83176.28224639577,301.0912612767427,0.990447481624193
1843000,-83388.46401243831,294.94338403069975,0.9874191625710941
1844000,-83189.28423079912,308.3082152763607,0.985053074102094
1845000,-82855.67394807265,299.92784473535954,0.9899737679367963
1846000,-82948.8669432755,297.81384420726346,0.9927375760214122
1847000,-82864.18756154913,300.0747865745901,0.9826185403687597
1848000,-83437.62223485025,300.2623640421974,0.9859064628982329
1849000,-83349.60754223575,301.4314255143551,0.9850902352546343
1850000,-82458.52852482267,306.4362953826575,0.9821440393715193
1851000,-83114.69201135274,300.8873039457663,0.9821183709358644
1852000,-83328.84175915195,301.31844886939854,0.9820256096280959
1853000,-82885.35178390308,297.61718584468946,0.9895508611077015
1854000,-83383.49551682035,305.38962520839266,0.987355123499006
1855000,-83130.87454286439,301.71219625962465,0.9937685081813905
1856000,-82752.51083649823,302.92337218279323,0.9863017714394012
1857000,-83080.86952592386,298.9830084062028,0.9831397932565213
1858000,-83486.3022706139,308.17122445740796,0.9816745481902329
1859000,-83032.77866123867,299.1708674964854,0.9847709622291977
1860000,-83457.47120222385,306.1785041315837,0.9708296740318462
1861000,-83107.97471151361,299.8367383814081,0.985844958011039
1862000,-83417.99474785523,307.3283098748993,0.9873472625910037
1863000,-83057.84256352653,291.49883884480954,0.9912655403584988
1864000,-82641.50404822425,299.4258928328724,0.9800701468942072
1865000,-83073.71010829997,301.93401146241695,0.9893382860161055
1866000,-83117.48564836167,301.33992714070104,0.9788723783364349
1867000,-83158.95604714885,298.0184626371625,0.9929015547844905
1868000,-82848.35029087309,296.5034510196242,0.9825008227443528
1869000,-83189.53850576817,291.8926635948452,0.980926626508838
1870000,-83132.23861239816,301.90657080058605,0.9800961450743283
1871000,-83196.77133057482,296.57615007906224,0.9916657053414456
1872000,-82409.20526944601,289.5188154689897,0.9741653631800905
1873000,-83023.56431798165,299.9361494995706,0.9859197107681202
1874000,-83584.47749889042,296.9239627989887,0.9868563726834927
1875000,-83193.28664104518,300.3129874322833,0.9774357591515931
1876000,-82958.90527022863,300.9628122112786,0.9821349977773608
1877000,-82908.82080986572,303.349049749892,0.9767406278632244
1878000,-83060.55438393977,306.63108964129253,0.976837642307072
1879000,-82317.4641183968,302.37730694624724,0.9771302876469357
1880000,-82456.29408587882,304.3302884593754,0.975367734868176
1881000,-83409.19382770691,301.1681797994784,0.9827332054962421
1882000,-82958.6656236825,308.4587977333721,0.983728992982641
1883000,-83091.61658528249,299.3867189466434,0.9794235189169304
1884000,-82982.2262216598,300.90197836749076,0.9816285845287374
1885000,-83050.81102410954,292.1529078103961,0.9840450300197123
1886000,-83419.97241441731,297.10477069729217,0.9914505371207314
1887000,-83232.32592033967,301.7500606428445,0.988713906280251
1888000,-82746.44502372487,298.10663824237173,0.9798222261010743
1889000,-82999.50132792891,295.6688521122106,0.9770360912062683
1890000,-83077.11303900188,302.1203456077943,0.9804763116145646
1891000,-83020.50350598892,306.6029575954239,0.9846068073404037
1892000,-83383.89319067413,297.6071031417398,0.9837547275677019
1893000,-83334.94285476685,306.29579485960977,0.981747196251656
1894000,-82851.75487008825,302.5535848784642,0.9896505572981168
1895000,-83167.1005941318,303.15946115451277,0.9760072135307243
1896000,-82943.43700272206,295.5860515368892,0.9815388143998713
1897000,-82455.23933568376,302.8314423981151,0.9732618712059974
1898000,-82546.88718346588,293.44820719313003,0.9716265228511419
1899000,-82734.36207694357,298.546483101017,0.9777188992421806
1900000,-83174.5919017435,305.12085638671397,0.9864412344933523
1901000,-82902.59661254397,306.72227440962297,0.9734808446531827
1902000,-83234.68993176299,296.0398551048798,0.9803874372849182
1903000,-83158.05308984028,301.8029360590995,0.9820247752529409
1904000,-83454.28570948995,302.9896687737594,0.984618268823202
1905000,-83266.84655003453,302.13976004502535,0.9781961917296008
1906000,-83098.099551794,295.86639215407365,0.9781242893424966
1907000,-83317.07964263781,296.2139988074029,0.9834954185264861
1908000,-83250.05527050502,298.5257006187276,0.9750494594796837
1909000,-83340.29680052807,295.0153110597961,0.9866882580099302
1910000,-83094.08453117509,296.1703916030653,0.9848188310147329
1911000,-83280.33985933528,302.1880327438432,0.9891149663586172
1912000,-83573.12482889078,303.6947908050932,0.9867056042259242
1913000,-83032.34870210348,298.66429582628257,0.9864349584224965
1914000,-82945.92240124324,299.2374158450483,0.9693185870526919
1915000,-82960.06709167693,300.6780364619627,0.9834890104369576
1916000,-83042.4926156929,300.4496037362992,0.9831428198890577
1917000,-82774.46211907495,297.9053652236251,0.9710388251589148
1918000,-83129.57808245783,300.355034215599,0.9875068795501387
1919000,-83041.20366641047,299.57994308921354,0.9783151682941532
1920000,-83080.87004021642,298.75157715601,0.9763538354296707
1921000,-83004.06393564463,300.67269290297975,0.9865833948625805
1922000,-83123.30205684004,305.1671023970806,0.9894700023642782
1923000,-82912.3144383927,312.63472199945835,0.9863731040477596
1924000,-82803.10347935843,295.08626195802947,0.9802611921113051
1925000,-82945.682642036,299.03056563658015,0.9898101046883372
1926000,-82480.31076205167,292.3903500688707,0.9767619230209362
1927000,-82800.25326320413,291.42137458162904,0.9844405364475786
1928000,-82925.4124615959,298.67029415039735,0.9867887947986295
1929000,-83393.90796593891,302.1022819380445,0.9791437208129304
1930000,-83575.58134857239,300.8250416903633,0.9879456878204184
1931000,-83423.40102327912,297.3832827568223,0.9894675836348816
1932000,-83352.89481500542,299.18665996723763,0.9883277058837413
1933000,-83371.015665624,301.7964447483973,0.9915296882842942
1934000,-83173.95261618338,297.649316324177,0.9880915140625501
1935000,-83690.64856807992,292.1929872163781,0.9787746888110944
1936000,-83570.38117119641,298.4087882667507,0.986711880435299
1937000,-83084.20183837553,305.39149543263244,0.9826181114632391
1938000,-83222.72828213935,303.2312947617811,0.9728925346825789
1939000,-83536.54596575937,303.3572551740662,0.989634037257091
1940000,-83458.0088452957,307.1775639868519,0.9951711344482708
1941000,-82449.20963472035,297.51401661741704,0.9730630372875892
1942000,-83098.50359410176,305.53598942485115,0.979207594497585
1943000,-82906.07394758106,298.3306079450458,0.9839560640075212
1944000,-82953.14465323446,303.2799682683286,0.9822488017311358
1945000,-83399.06476974412,301.05234431153775,0.977668521701944
1946000,-83370.64088396734,302.6918982901856,0.9892494755246237
1947000,-83517.62566304673,303.0116886294623,0.9990092941381049
1948000,-83223.42925185483,295.9683149553427,0.9937117407796996
1949000,-83506.79379896284,297.98009935013306,0.9876066326641897
1950000,-82999.95566017873,293.5833307176783,0.9768116057888735
1951000,-82990.58402530663,303.4107640609082,0.9793142187911295
1952000,-83337.1508295685,298.91619156332445,0.9803167215921492
1953000,-83438.97515731584,295.51465160789695,0.9838205973832714
1954000,-83374.61509156413,298.7770298765259,0.9897606630725845
1955000,-83293.21977702342,302.2344597943604,0.9858580817878957
1956000,-83662.14218375151,310.16241911068585,0.9917862673571675
1957000,-83539.59268968675,304.30448789382837,1.0027580409444843
1958000,-83255.89135351079,301.54545944277277,0.9879946466399302
1959000,-83403.00998147437,298.73372631406994,0.9889565739604019
1960000,-83232.523046199,300.17125260842454,0.9834623474928991
1961000,-82884.59122577572,302.31880850888274,0.9762137161801865
1962000,-82873.54050066264,300.9855293109297,0.9863226652490539
1963000,-82566.54178552638,297.89283547995245,0.9796986201927178
1964000,-83231.13795755978,311.2024197160346,0.9765705875991746
1965000,-83082.09293256409,302.6753169136896,0.9898683940147153
1966000,-83277.89076949388,301.1720903865172,0.9803776354826991
1967000,-82956.98843685177,302.6614679093382,0.9911842471936885
1968000,-83115.413630541,300.85079795898844,0.9867203977030299
1969000,-83049.89318403212,304.4440921791129,0.9821667855422299
1970000,-82633.65476340783,306.9224505751611,0.9779847858559131
1971000,-82421.2799951128,302.9145488580301,0.9778551003179313
1972000,-82942.57669948769,304.13443378493184,0.9843887334669139
1973000,-83178.2580865217,295.7803698389407,0.9818613505823434
1974000,-83246.20660888444,298.4951245080177,0.9865685770989626
1975000,-82982.35634880757,301.1366892780828,0.9928074475586111
1976000,-82770.91578766087,306.65636811053497,0.9760736832478447
1977000,-82806.06902469607,300.0808441370125,0.9818290960167287
1978000,-83336.71663330786,301.17227724591686,0.9851395724823838
1979000,-82863.63791689347,298.2197153731368,0.9734848323255572
1980000,-83338.43371910561,301.8053541272672,0.988273534578354
1981000,-83237.37181625952,309.03131258876,0.9914276360952413
1982000,-83124.07393684261,297.6757582079659,0.9772020926417343
1983000,-83183.21989432158,299.350615275211,0.9766418074748395
1984000,-82870.13329525664,298.99427785304454,0.9727131460523878
1985000,-83444.10980680678,293.7055159691789,0.9793978244627053
1986000,-83085.48168547335,301.57100818421657,0.9889316437280907
1987000,-82686.24975004944,303.56511753170344,0.9864708724025062
1988000,-83316.3996415878,300.8316311794011,0.9835861116824232
1989000,-82727.58129433152,300.8274721248609,0.9798317079247285
1990000,-82970.5629014395,306.7989041788373,0.9863657329719467
1991000,-82959.67544989765,301.04620609342885,0.984931487030691
1992000,-82482.86022210377,304.459587973123,0.9834868478923013
1993000,-83053.10170329141,303.0384120225982,0.9818945557165728
1994000,-83205.55803200311,296.3895289152391,0.9957006524746791
1995000,-83458.79212430457,291.18615468110823,0.983964157788393
1996000,-82723.16658717283,295.7858344532172,0.987061152951002
1997000,-82983.45062157098,309.4884028909383,0.9824104790096205
1998000,-82858.51818386698,301.390863953072,0.9823460391443829
1999000,-82820.8462452438,295.4824748894047,0.9764407561497002
2000000,-83285.41254687303,304.03034404190873,0.9817175927941983
2001000,-83482.8393599466,300.75267744279233,0.9806873284319071
2002000,-82901.4511615322,299.7790010678663,0.9810662313245455
2003000,-82957.87053878728,298.31150030423987,0.9748041175506036
2004000,-83120.40413044422,302.4575335956244,0.9888204259185048
2005000,-83470.65282674023,303.70155465516035,0.9820458799245452
2006000,-83036.96407068713,295.4954116870612,0.9864620832020171
2007000,-82757.89870850806,296.96690948136904,0.987326360426617
2008000,-83183.45579565899,304.76559680639514,0.9833039361122049
2009000,-83618.78617915482,302.8674666705922,0.987152984588978
2010000,-83159.4786513797,297.8534366020342,0.9804595288018508
2011000,-83237.60316456825,296.1885690707619,0.9750196789353104
2012000,-83203.18093046936,297.18615322583,0.9904782239395156
2013000,-82881.47523254651,297.4193965318107,0.980130936243005
2014000,-82994.5563068706,307.32217520364816,0.9882885843945234
2015000,-83130.65355807444,303.96738743329126,0.9936383023105883
2016000,-83161.49705188471,299.28679593775297,0.9818331399103829
2017000,-82721.6450328193,297.133966646266,0.9756241929472927
2018000,-82798.91961878503,305.8865146048218,0.9783419085470094
2019000,-83096.13673062506,299.5704786627312,0.9828610318371389
2020000,-82990.24834063533,300.4093136884982,0.9736674186092812
2021000,-83542.96053496224,302.0598709794909,0.9942987098642643
2022000,-82759.48208624125,293.10579492349854,0.9837906611552296
2023000,-82900.32480927213,299.998076385013,0.9711472174081287
2024000,-83352.59092909942,296.56879270464424,0.9836354480590082
2025000,-82998.00325628876,298.71752669077176,0.992809654850537
2026000,-82975.16518279334,307.12506893775833,0.9839862550597616
2027000,-83137.8072074487,298.41202472646484,0.9857288056310168
2028000,-83198.60154126526,299.0107308426169,0.9793185540880337
2029000,-83126.27455508994,297.3143186106903,0.9808201313370268
2030000,-83034.02264632023,294.81656869168717,0.9750219622714262
2031000,-83333.82589348248,301.01570688222915,0.9840337815170784
2032000,-83238.66526242916,301.1560636266713,0.9775045867636998
2033000,-83047.27687558526,296.8336312302247,0.9923420511773463
2034000,-82524.85979515756,304.06300076169555,0.9771027697272688
2035000,-82766.11207983311,300.83919867241445,0.9768155054921311
2036000,-82953.07138783042,300.3522082361309,0.9809213957023649
2037000,-82889.27236827178,300.7252738673558,0.9873742463525559
2038000,-83026.45808309014,297.6712921259711,0.9892166934227566
2039000,-83073.99651829345,301.7527191517307,0.9764761166005328
2040000,-83083.13433031103,297.4208657758924,0.9803179369528823
2041000,-82941.53318345075,302.08981653397234,0.9819920198302374
2042000,-83501.90584136517,301.73549062968823,0.9914437831413407
2043000,-83684.73301900906,295.459813546162,0.9891831864478481
2044000,-83316.98811174574,302.17713555540513,0.9857159918096987
2045000,-82944.03401196038,300.15571742856713,0.9872216641579679
2046000,-83110.0766847253,296.1593371742886,0.9929033600987557
2047000,-83568.47904348641,301.89046829485375,0.9889270233639201
2048000,-83022.08610498434,297.0612345369772,0.9842756046942427
2049000,-83089.75973102212,302.78768587050644,0.979208691002181
2050000,-83377.856865726,301.1067892560258,0.990132047450545
2051000,-84152.81976617925,300.82335471304174,0.995840264853778
2052000,-83088.67738850991,300.10076194052454,0.9850678663541694
2053000,-83025.18018242548,304.2043119789232,0.984103265402575
2054000,-83047.93764835002,303.52737350340635,0.9832362178756434
2055000,-83349.60018560628,306.935582150533,0.9950245956671283
2056000,-82831.0103011945,303.5918914897645,0.9854437374591724
2057000,-83598.29881692148,297.5060199378091,0.9824163848954851
2058000,-82815.00212778716,294.98715909290985,0.9903128198260533
2059000,-83459.84817212046,300.37334457088156,0.9964282662607366
2060000,-83140.46083688294,293.1017209985486,0.9932658894810747
2061000,-83147.9171703899,302.8599854274317,0.9911456403237087
2062000,-82939.01234041882,308.90959087566125,0.9814543921688202
2063000,-82582.71548619593,298.01073921167256,0.9757578902335816
2064000,-83229.68111936725,304.77933717608374,0.975177606766332
2065000,-82699.03922744823,294.8763884821407,0.9699419640703905
2066000,-83293.63918393012,296.5972504717855,0.9839402184626058
2067000,-83201.71306644741,291.766384589061,0.9748386372607829
2068000,-83292.4921270822,298.25078645319223,0.9777078568587264
2069000,-83111.35220336978,303.0531198223106,0.9813770009103159
2070000,-82820.6138110371,306.0690763494255,0.9849988642124393
2071000,-83407.35302916361,308.4691996280679,0.9893779913962093
2072000,-83224.7046085049,300.57179501723016,0.9859513741375543
2073000,-83385.38519464293,299.24923971129164,0.9921903291890407
2074000,-83509.44302532892,298.96245017373474,0.9895685812751561
2075000,-83027.48863205599,302.9932916075363,0.9826801590622402
2076000,-83358.52148566564,301.77840505249895,0.9853337462401145
2077000,-83006.90033809823,304.1129742303315,0.9821884994575518
2078000,-83166.77171431197,296.74779837853447,0.9800683036655726
2079000,-83065.46713121037,295.89266804746916,0.9832708684899394
2080000,-83067.60109796032,298.4607058554435,0.9936150408567623
2081000,-82971.23844701721,294.6265794863006,0.9879547870757088
2082000,-83024.48560359946,305.1842354684738,0.9855150698884312
2083000,-82764.76814492617,305.3226121982298,0.9846820300330819
2084000,-82928.37541308382,296.19064661456986,0.9818088043393005
2085000,-83386.66853218566,296.01474388635353,0.9835974063395606
2086000,-83141.89221145562,296.3351012449423,0.9801796349496786
2087000,-83891.10809516709,299.0894533949814,1.005738609838134
2088000,-83610.39750658814,296.2843993255968,0.990811963456502
2089000,-83194.91925944161,294.18229906259967,0.9802387552969087
2090000,-83433.57481647562,301.49058802671254,0.9882294861804836
2091000,-82947.29072235757,300.59440719261096,0.9868651710912865
2092000,-83326.27562325855,290.7432671004487,0.9867309674007396
2093000,-83687.02879305946,301.0986343555364,0.9845972688055091
2094000,-83488.05171231169,294.37931110175145,0.9908168639841918
2095000,-83167.27878626558,304.3582618232001,0.9913190895050903
2096000,-83381.06710670004,298.9249947991455,0.9810999857047661
2097000,-82690.66154531628,298.2807503516842,0.984046746244815
2098000,-82428.31401270616,305.76156394190684,0.9715803649254866
2099000,-82816.40346577845,304.44321141103455,0.9899621950118082
2100000,-82941.86242129427,296.9093006476236,0.9926690365240712
2101000,-83480.59307610709,303.1342238223157,0.9910404895257073
2102000,-82860.8123995678,300.35792094023805,0.9771111758260554
2103000,-82958.90019630594,298.29862581939403,0.9842254848288496
2104000,-83270.22033161425,297.6575323043015,0.9880369400429254
2105000,-83811.89033737191,296.6671897819312,0.9965558758803799
2106000,-83587.51825480006,299.75780600470483,0.996004004726919
2107000,-82888.11931226816,303.6611959616398,0.9953913282993868
2108000,-82780.78465683595,301.9628875749057,0.9853170067255108
2109000,-83473.0066883656,298.06285808560926,0.991639132319833
2110000,-82647.78580845677,293.7242149185553,0.981605516981945
2111000,-83156.73632605094,301.4648204580037,0.982992518082424
2112000,-83094.86995842203,298.4303871014027,0.9916610667076747
2113000,-83146.1077982224,297.17836411025985,0.9835708526311767
2114000,-83384.06912553852,298.54355647539995,0.9854785444979005
2115000,-83014.14693942136,303.2982166081258,0.9878543437869417
2116000,-82924.85406504245,295.94635529687383,0.9872351533006812
2117000,-83558.27691907401,301.6141385447183,0.9838793480545288
2118000,-83456.29508217651,295.69456076603944,0.9815238806011969
2119000,-83338.1250952023,295.6817359895777,0.9847159980332758
2120000,-83130.22392076813,298.7677680879396,0.9849781804591277
2121000,-83319.32437865686,306.97302965734747,0.9863419167752455
2122000,-83012.16343264986,299.35379472203243,0.9831641788456811
2123000,-83548.10292042379,294.1602656164508,0.9800431843061128
2124000,-83354.35909461643,296.3812805469363,0.9846056828801041
2125000,-83718.53173976642,302.3931316652677,0.988884214648132
2126000,-82786.1143458226,296.37064078610786,0.9790345750507057
2127000,-83233.59242493677,298.44853017057153,0.9870774940960766
2128000,-83443.59814775235,296.57938050698203,0.9879244483099965
2129000,-83430.53239090455,296.90544735384896,0.9853703614852036
2130000,-83061.29900643125,304.79045389404655,0.9893142650443884
2131000,-83254.2494760945,304.8982115339769,0.9870470517949191
2132000,-83681.46902458277,296.81209138070795,0.9868032184327364
2133000,-82930.89999547484,299.7309336503314,0.9784514849156071
2134000,-82856.84629960248,301.13241603260246,0.9896214525434324
2135000,-83214.94273625046,304.43225217038014,0.9807850951694851
2136000,-83101.40334101819,303.9025166729189,0.9783385757363809
2137000,-82929.79243607045,299.21264686516076,0.9816378267223109
2138000,-82679.41854756133,294.93099796503594,0.9823761146327722
2139000,-83042.74343217869,296.54120430363827,0.9873794917763261
2140000,-83137.38076800975,293.5968031912602,0.978790632763511
2141000,-83284.44752152293,303.57969957728244,0.9867174574833271
2142000,-83047.37880325393,301.6487771970096,0.9897368149068089
2143000,-83319.59464755555,307.752376598389,0.9815289157055243
2144000,-83199.61732231674,303.9173200373746,0.9809841795187375
2145000,-83417.00169003056,303.8244311621315,0.9858198242559033
2146000,-82644.75467738888,292.9917991548445,0.9927798074927562
2147000,-83051.5137135947,297.8959589802052,0.988026055292172
2148000,-82663.8283195541,296.9266051864465,0.9861667532384586
2149000,-82689.88498667104,299.631642727438,0.9817106100127319
2150000,-83015.76397808624,300.538983613698,0.983981109623833
2151000,-83467.79657450947,301.99774640129147,0.9815929690967271
2152000,-83702.00380149804,303.29919254402716,0.9910214883652678
2153000,-83107.19896194694,292.499426791231,0.984528484115976
2154000,-83261.3771511651,304.0522516981557,0.9739195864124918
2155000,-83010.33801308542,302.093162044256,0.9846968054397455
2156000,-82482.30324727751,300.1211108949112,0.986977472775168
2157000,-83130.34842956864,304.5989925244343,0.983654713263086
2158000,-83067.11445893213,302.6346092005408,0.9817013736294125
2159000,-82715.80332926055,302.35453661771714,0.9903494101969309
2160000,-82641.7429308474,306.7652771717883,0.9799148593592077
2161000,-83077.00908853154,296.8819419277363,0.9803112630102065
2162000,-83057.64259175223,300.34435368583905,0.9877441477633118
2163000,-82962.49302758515,299.2736965093367,0.9862347256362838
2164000,-83185.1671529942,300.06925147180846,0.9837354962852369
2165000,-83379.49962094496,301.83424271775095,0.9938803780011234
2166000,-83640.31953941635,296.0715782064994,0.996154861776075
2167000,-83601.74706321378,298.10767045254244,0.9827182120537664
2168000,-82822.0408882086,302.163219048287,0.9786146475452361
2169000,-83028.11767232436,301.0119701151621,0.9754078286634217
2170000,-82754.91020894801,303.60446081879724,0.9882087759668876
2171000,-82747.5678474349,301.93710658154885,0.9764130227124713
2172000,-82620.45648701483,306.03612443250364,0.979062525802485
2173000,-82327.42691317451,303.3811935606363,0.9779764308053367
2174000,-83398.90350789402,298.01615422372663,0.9916462571648138
2175000,-83281.8341646939,302.55648536256945,0.9900008551856215
2176000,-83516.77462316194,300.54782696625443,0.9786216340050924
2177000,-83294.63794273697,300.08989744465975,0.9822848646192298
2178000,-83029.36374008044,294.7569099676717,0.9724856177887427
2179000,-82820.5557274918,298.4619692355598,0.9723323170597189
2180000,-82816.27809953777,298.6529072016405,0.9829835719166702
2181000,-82839.1133690225,304.9518615649426,0.9906116187099289
2182000,-83225.52379751991,304.851391880557,0.9875271160524908
2183000,-82742.27230202669,301.32478088105665,0.9802046787746977
2184000,-83042.14051126811,304.24588419443506,0.9821487678681674
2185000,-82763.71733903943,301.7024383149457,0.9876115165469873
2186000,-82872.67415826791,301.61924389157343,0.9860804612792949
2187000,-83266.63476810273,303.8475594643299,0.9795875486054191
2188000,-83058.05323345249,303.0359925394789,0.975961324893711
2189000,-82891.21879774152,300.03527447385676,0.977000555143724
2190000,-83372.0760692922,299.15592854002676,0.9803680975438591
2191000,-83420.22784666263,299.0579949041449,0.9905086780113684
2192000,-83368.86709680565,294.05318252845143,0.987313799362382
2193000,-82510.07141682779,303.7305449741986,0.9831956929155843
2194000,-82745.97512751893,297.97196189566944,0.9814630539767544
2195000,-83180.56390578527,296.11968336481266,0.9835689058505239
2196000,-83105.78835944727,304.35954228160927,0.9831568625302017
2197000,-83083.32307370682,305.114013237225,0.983684686295632
2198000,-83188.23142651969,304.26886006578627,0.9936125354027023
2199000,-82885.94503314124,306.381507797628,0.9810473284610913
2200000,-83388.97620993509,302.84880324420084,0.9857603108506101
2201000,-83207.36220288306,297.80099057852834,0.9791521364853774
2202000,-83523.39171010407,300.12483642591167,0.9938016344540958
2203000,-83407.15322506125,300.965576412231,0.9929757249339426
2204000,-82993.6576202318,302.42187529735685,0.9809121915621497
2205000,-83034.91760548501,302.79365050783406,0.9768107677609236
2206000,-82938.94941236457,297.3595542356434,0.97527708883425
2207000,-82163.22528784606,292.3910616686812,0.9748050938533193
2208000,-83087.06430837855,297.44618277591655,0.9853317532355013
2209000,-83101.18921976181,302.42149425744964,0.9859623893171079
2210000,-82829.02919879102,296.6950250669969,0.9790324833270753
2211000,-83513.05713015515,298.5436285557039,0.9852226346135645
2212000,-83029.76711066917,299.735895481118,0.9821668066160484
2213000,-83108.90895331046,294.9029922121815,0.986091145387043
2214000,-83402.32956041076,297.16451716177374,0.9923344548124303
2215000,-83075.54181360302,301.05541699485946,0.9739413396500111
2216000,-83408.81107940752,298.71707822544914,0.9886555516270384
2217000,-83590.50597243075,302.3708474821951,0.9707220644060883
2218000,-83319.43655625073,307.5711818937126,0.9845171995775649
2219000,-83173.25834005239,299.45841930915566,0.9868833028655254
2220000,-83227.88618090074,303.1113810615339,0.9840764767714394
2221000,-83040.77959322312,303.126488538761,0.9833675554938831
2222000,-82327.85771798983,308.7900843120258,0.9691703257889385
2223000,-82920.06320561894,298.9969860084108,0.9875341083808277
2224000,-83096.04297655832,294.2248666323826,0.9815629734533868
2225000,-82663.83282161213,291.9353930107188,0.9783897638530815
2226000,-82749.25717384502,305.7403553392828,0.9772708695583234
2227000,-83316.31305274245,296.2379976778819,0.9840276771911615
2228000,-83178.86709676654,297.45524776509745,0.9788141868082337
2229000,-83566.39053311967,297.13412033783544,0.9896317158642574
2230000,-83545.54922743782,301.6505962107988,0.9858131065666937
2231000,-83113.85350136115,302.5700324263183,0.9814138412298794
2232000,-83472.23465753475,299.0338808069409,0.9772158019134619
2233000,-83141.50391621253,290.24008592510444,0.9825193908700351
2234000,-83376.33501378488,300.102296074275,0.9834654547694405
2235000,-83639.31273351418,299.0656959835578,0.9932047775489168
2236000,-82549.41466343263,293.07995994739076,0.9864475713277696
2237000,-83381.31509829679,307.45006191362114,0.9936729004237119
2238000,-83185.42080213613,300.75963511118636,0.9808607229160161
2239000,-82693.5215297385,294.8856231986385,0.9895699240767635
2240000,-83100.51398768998,303.17931276178024,0.9912266737461556
2241000,-83487.644391927,296.4617625654707,0.9903852877191488
2242000,-83497.47251256573,292.802956953387,0.9849273139179555
2243000,-83045.81934351294,306.0928593634296,0.9763520543634013
2244000,-83238.86190601217,296.0787914963953,0.9904513713821024
2245000,-83195.05820253136,299.27303622933715,0.9883731308536389
2246000,-83142.8910395854,299.29682683192993,0.9865659455994091
2247000,-83172.15610784909,294.34951611506506,0.9790064868890813
2248000,-82573.57613597659,304.77496724990095,0.969951093518265
2249000,-82502.14366862678,294.04653255564364,0.974597965200102
2250000,-82922.96241027414,296.78443534883627,0.9928777792678916
2251000,-82856.43991320487,300.0637195339815,0.9969174867543252
2252000,-83111.40797321481,298.07355187839283,0.9931384161768126
2253000,-83439.63102901418,300.1640342267279,0.9858096893402275
2254000,-83167.77396459557,310.9592643323217,0.9888161451801608
2255000,-83164.58396986098,292.7367532981039,0.9870967238797228
2256000,-82828.69955834502,295.0810661551216,0.9769224067068272
2257000,-83363.42525290855,299.013118206191,0.9801452243956162
2258000,-83322.10700764525,305.4543936951574,0.9863274542031784
2259000,-83269.5862337033,300.7918509088195,0.9852405561488955
2260000,-83621.38702869107,295.7242233912447,0.979585020776174
2261000,-83101.93065507634,299.90262937117086,0.989342339589916
2262000,-82524.40199151973,297.92898843321075,0.9759901480883195
2263000,-82750.50421029521,303.6626833704299,0.9816671055464811
2264000,-82969.22556194424,309.78678669086395,0.9800641518121733
2265000,-83090.45081561158,305.8444836723597,0.9724763366296945
2266000,-83198.64649260428,302.7133631662021,0.9809780298724857
2267000,-82778.74409962323,305.374809578485,0.9755493428601046
2268000,-83607.94498797372,300.2724286592045,0.9918418240192391
2269000,-83318.36199172784,298.60021521427785,0.9872246583745634
2270000,-83056.55531025381,300.6528687398719,0.9821178958028447
2271000,-82766.4107892926,304.0403868981622,0.9828460030520212
2272000,-83057.30393592041,297.64364563985686,0.9800171576238492
2273000,-83584.58157139848,299.58253695833,0.9899867445025288
2274000,-82825.94514035236,300.679415566283,0.9796154641874738
2275000,-83212.66096549836,297.91522560240895,0.989147913350314
2276000,-83140.05771710502,303.7094505433571,0.9823035427408142
2277000,-82768.23655042722,294.47043919905127,0.9836904971229065
2278000,-83296.37539683335,302.3662921736887,0.9936163354544492
2279000,-82986.14259384794,299.55397477855473,0.9770638569726731
2280000,-82439.03362543567,297.5215735969586,0.9676269292935965
2281000,-82982.68255225488,304.7759199620379,0.9776175208378607
2282000,-82597.24406606279,294.6507521100588,0.9849184015465481
2283000,-82869.95926311368,299.8013715179394,0.9752482710148139
2284000,-83228.90047329414,300.1426322400032,0.9821257846088248
2285000,-83143.81747817091,293.6397305634845,0.9893110559836337
2286000,-82825.43278491963,297.82426148593635,0.9790224000961177
2287000,-83217.79666047753,300.18686533152885,0.9797230601312609
2288000,-83226.7772183097,300.5174743230097,0.9813373110662617
2289000,-83045.11358292797,295.10112070756855,0.9738365821284813
2290000,-82813.85091383161,301.7017837633695,0.9814384494716112
2291000,-82885.22744164837,303.6910225868881,0.9844634436836314
2292000,-83048.801608846,302.05601137976646,0.9826323874973795
2293000,-82901.51320695039,302.40000799692575,0.9810080717683813
2294000,-82743.00009979203,300.9578307003834,0.986120545015686
2295000,-83188.86555395788,303.1240730276359,0.9748222534262766
2296000,-82877.56934154464,301.4805855750479,0.979652802240917
2297000,-83041.79494657734,299.81059911330874,0.9877599669141116
2298000,-82818.93819465523,301.4694104689554,0.9779331228185159
2299000,-82731.24086568243,297.39348647551117,0.9875743979544316
2300000,-82828.620721129,296.89403536705834,0.9845607907885745
2301000,-82874.54290991492,296.58547821756497,0.9769669090886819
2302000,-82698.73419136216,294.88372230938177,0.9832389172496246
2303000,-83093.41222128615,299.7845526917584,0.9808903317932655
2304000,-83176.6713277392,305.67672596520464,0.9826067705909165
2305000,-83091.78223616659,295.9287092880037,0.9846309067854333
2306000,-83019.71300223644,298.784098618864,0.9832715908145555
2307000,-82906.58454365074,306.0476710009609,0.973143737903666
2308000,-82835.58642016485,297.34731280151976,0.9848012007827336
2309000,-82721.8005078389,298.65041296744425,0.9874042042529746
2310000,-83062.62315048854,307.1836144295458,0.9746691266706426
2311000,-83061.35843021335,301.0486155680181,0.9860636546730698
2312000,-82787.682803442,297.9253854215141,0.9734935775181065
2313000,-83213.16389271012,299.9841912480891,0.9790356191075024
2314000,-83542.34105672524,301.0932375017505,0.9873825311646951
2315000,-83500.56563073618,302.05029222613007,0.9893069979855178
2316000,-83178.37588744477,298.4922435669729,0.9773714510593249
2317000,-83387.50980540388,295.78284473023575,0.9870950337464734
2318000,-83680.7621209487,302.89002827014974,0.9883650564247191
2319000,-83452.54675473779,302.9566822397124,0.980334090153831
2320000,-83969.78197483951,295.35369175834217,0.9902724912758675
2321000,-83280.40843019949,306.35319109071986,0.9860376533944913
2322000,-83564.2213573709,293.09235021480197,0.9810517267421567
2323000,-83183.15872709447,300.16699419510775,0.9907268057449131
2324000,-83504.58261486352,298.3308597165713,0.9898134295886729
2325000,-82659.57242980943,294.9393783499273,0.9813292092895989
2326000,-82993.46065820218,297.79988255735617,0.9944942462268732
2327000,-83065.7671953268,298.7649215859264,0.9801482620318422
2328000,-82912.17273623461,300.1163726085826,0.9742690966562455
2329000,-83333.69313662715,301.38251127227363,0.9786256045006789
2330000,-82775.32115607389,297.85204377879415,0.9895005867452439
2331000,-82633.00435143779,309.92039655774266,0.9874451766259916
2332000,-83046.38497695554,304.6599951017061,0.9745697121491793
2333000,-82604.76872294856,301.3921971039164,0.9806335718116376
2334000,-82890.20017297304,298.9088122693058,0.9786888375202571
2335000,-82834.02586797992,305.49781156832904,0.9838285037718743
2336000,-83055.78697131225,302.01937229910686,0.9859439226939049
2337000,-83473.62189466634,304.8520071217644,0.9804223155178605
2338000,-83346.97376765416,301.15036469006805,0.9911661598703593
2339000,-83296.5753625601,294.3090493255104,0.9817142582757261
2340000,-83008.11827433348,300.7398550786927,0.9798714188964244
2341000,-83015.72372500342,297.5047506238006,0.9820498185168022
2342000,-82786.90422058722,297.59954998613375,0.9825216110950763
2343000,-83601.00936704868,291.7540693746877,0.9802083400414124
2344000,-83265.64149738068,293.3711788651253,0.9860123529883673
2345000,-83535.99581466214,296.63806834462616,0.9879451479987187
2346000,-83525.45807364822,301.29100743036923,0.9840650314553681
2347000,-83348.70001372753,295.21085134476795,0.9778994090630341
2348000,-83178.98925145104,304.1365931939265,0.9732039744590231
2349000,-83173.74463977444,293.7641584198399,0.9783408852587862
2350000,-82958.2445293694,298.53546457368486,0.9898778722020211
2351000,-82838.37746460614,298.4591879886985,0.9835805628228657
2352000,-83225.76989544486,303.50467949698276,0.9779301358336224
2353000,-82992.08749620803,292.03430587808487,0.9914845176812792
2354000,-83001.3582146251,300.4595689436124,0.980640481290654
2355000,-83293.48376840411,299.81630531362043,0.9865040877589385
2356000,-82851.00506757433,294.5760154960408,0.984171994007842
2357000,-82794.1273987628,296.5977551766723,0.9846884117039582
2358000,-83055.19222336571,299.21563585408353,0.9746415302899167
2359000,-82543.24788225134,295.97905836888106,0.9723191337173359
2360000,-83193.03929318854,299.7310857667567,0.9920798098722217
2361000,-83026.75153181097,300.9007749491065,0.9840194388853416
2362000,-83383.28741778171,305.8299862598937,0.9752752999491042
2363000,-83079.91265221732,300.1578723472091,0.9759326144380869
2364000,-83161.40972591698,301.20054344230493,0.9771987230843108
2365000,-83102.38144002401,300.46752166287774,0.9809718057809603
2366000,-82655.35876545258,295.77171040235606,0.9812932457700805
2367000,-83726.53120099899,303.2895515991437,0.9810881099498254
2368000,-83156.64382988069,303.61826434907624,0.9730170929359961
2369000,-82979.59046063438,295.9114811574925,0.9887557219341438
2370000,-83335.94116785924,294.25746610953246,0.9767672436965261
2371000,-83501.47449335217,295.7859882091908,1.00093738610307
2372000,-83190.9818252566,312.2151211298313,0.9893163864603615
2373000,-82782.49662368465,304.47907339475387,0.979915797780994
2374000,-83316.04255133757,299.44938020295035,0.9952172920121689
2375000,-83216.30470313219,294.1493091746667,0.9762915115804726
2376000,-83387.39984204993,294.52567931789014,0.9854961887675969
2377000,-82981.59451175045,300.085321555135,0.9754106974048043
2378000,-82949.14383009955,307.4794761646693,0.9837786649591388
2379000,-82786.41745781858,303.42485522393406,0.9923267575259073
2380000,-83223.75899758394,302.79846348344057,0.990935078481652
2381000,-83555.99743219878,297.7867039173837,0.9872189850947992
2382000,-83714.0375504432,298.21680313498945,0.99456723802144
2383000,-82993.30848066055,296.7981136980514,0.9776407186018662
2384000,-83151.91440538259,300.5822480875782,0.9845870051944127
2385000,-82942.15508506238,299.3000776930178,0.9886413158043705
2386000,-83471.57198554248,301.7556794687554,0.98774245558957
2387000,-83350.98813210044,302.439978370981,0.9849114224718835
2388000,-83423.07751071209,304.22338392655433,0.9893765725475556
2389000,-83106.18305529671,304.4495695173401,0.9847803835619539
2390000,-82437.82979609724,300.0483693006105,0.9800211469751653
2391000,-83284.53784255724,300.89306524136276,0.9751723695347071
2392000,-83289.01479599677,292.53779167421783,0.9788289588805753
2393000,-83568.63231694675,297.81466137002616,0.9859433977025317
2394000,-83045.48846741725,294.8212221100349,0.9816906438493285
2395000,-82990.75398447015,307.41172643524095,0.9870269782540446
2396000,-83139.25636385253,297.4309465027968,0.9895434457909557
2397000,-83647.0951698476,300.5951357410377,1.0024341696745578
2398000,-82985.85723708762,301.12865514484196,0.9766656629677741
2399000,-83370.75654723961,298.2521252938512,0.986697555869314
2400000,-83497.96969644428,297.5295827821142,0.9972609763513441
2401000,-83143.86752015853,295.84827886855595,0.9839523010433515
2402000,-83315.63287791656,306.0015242934229,0.9930225373577879
2403000,-83250.71945168677,300.3817100016279,0.9904221018879702
2404000,-83261.02141437092,302.50118245507235,0.9940688229271591
2405000,-82409.70483080478,298.9475173558281,0.9777486184518619
2406000,-82678.79079685226,306.26719539536396,0.9797979436948201
2407000,-82911.95779816812,303.4051797554428,0.9865524126356021
2408000,-83471.78596755204,299.15835909702577,0.9884655675803663
2409000,-83260.91568163829,299.3634302651273,0.9912979208986273
2410000,-83424.95676566416,297.7941697119272,0.9905354983103154
2411000,-82615.20803944481,297.25744209540267,0.978543712789859
2412000,-82925.33962417312,299.4983295640817,0.9778905367431661
2413000,-83247.87331763934,298.63778535077273,0.9879741133803246
2414000,-83178.88974737836,299.50472452084847,0.9750372680265266
2415000,-82945.52085585886,300.95322725639187,0.9904605689758679
2416000,-82808.62776902091,292.0828574838166,0.9895496011527808
2417000,-82858.06239801808,296.81734631153154,0.9821811676176222
2418000,-83026.93779255496,306.40540427162375,0.9790267484912459
2419000,-82788.23487524723,290.8501708719967,0.97679220720402
2420000,-83057.39025763154,303.94391245886834,0.9773253920491407
2421000,-82799.76447156136,300.10514353039645,0.9910717583348388
2422000,-82876.87456043222,302.65644971475604,0.9808442923059256
2423000,-82880.63501610915,298.91815177471256,0.9784956016444246
2424000,-82662.49661434966,300.30803592154166,0.9834140824407729
2425000,-83268.08590833389,299.18842983203467,0.983523126500292
2426000,-83375.68182695791,301.28174842421276,0.9819645671224193
2427000,-83435.37222377269,300.09759449208934,0.9867219444263471
2428000,-82718.1326895295,309.8250383125945,0.9722775985562926
2429000,-82534.56863184687,308.1696033514496,0.980321037315502
2430000,-83271.64493566833,309.1499385747391,0.9842031793927483
2431000,-82755.19402431039,293.7674901043332,0.9710392477041782
2432000,-83116.50027804082,301.6441144228591,0.9875238417621967
2433000,-83168.75784777122,306.8215614208228,0.9837552604131029
2434000,-83529.95882603654,300.687358952177,0.9941213662926688
2435000,-83194.48206619243,299.42749124749037,0.9877389848712562
2436000,-83216.73307138606,298.3577008863772,0.9810130254240764
2437000,-83218.28138023452,297.0370644035782,0.9869919228668346
2438000,-82861.7228006802,299.04029160929537,0.9742247849314783
2439000,-83183.98139187571,299.2141613807446,0.9782802364261918
2440000,-83162.29882673942,300.0879154882618,0.9771286627993125
2441000,-82884.361262421,300.29729723453363,0.9890272086576952
2442000,-83132.82718619879,305.8675455749545,0.9846017871842312
2443000,-82971.80056578596,298.1640604448519,0.9833687642009622
2444000,-83393.87292068813,305.4374326671038,0.9753642410587077
2445000,-83141.37110798538,305.6534548871272,0.9873929190890983
2446000,-83017.87375842803,307.6375574474316,0.9917758048550092
2447000,-83147.58665019664,301.2240871967444,0.9901270716563513
2448000,-83237.51802577014,300.57098989884133,0.9826465205386039
2449000,-82848.29303901468,301.577825275747,0.9878674465330807
2450000,-83103.19429047732,298.444455582719,0.9763432971449083
2451000,-82758.25839722517,300.4865139988337,0.977565277383006
2452000,-82862.7118540908,296.21665712645637,0.985488655903806
2453000,-83070.96569605579,297.3045434559985,0.9776314335747299
2454000,-83749.12197783176,300.9076025836804,0.9920879755369026
2455000,-83210.38261975301,295.00333685325774,0.9902786423823656
2456000,-82873.93396283477,294.7437477180806,0.9818118945281429
2457000,-83462.7164327731,302.08457425064245,0.9883099020011088
2458000,-83448.84104693396,295.8180598850629,0.9968716521408891
2459000,-83369.65016297187,297.790476107452,0.9903271924977809
2460000,-83203.61718199227,302.6552712037522,0.9862763651534159
2461000,-82965.18933196826,301.54839910068654,0.9909855271721274
2462000,-83308.84972912446,302.5240388136253,0.9937528887044886
2463000,-83413.91186124238,301.05989861662624,0.9904953687645045
2464000,-83783.16670556029,298.1143488165709,0.9864473710437538
2465000,-83224.38492461009,291.1598685202948,0.9875144407203793
2466000,-83234.7254401365,301.64044764373494,0.983308106924452
2467000,-83583.66226492432,295.098959136995,0.9795101031944264
2468000,-83557.07274012547,304.01011091860926,0.9771593912144989
2469000,-83084.58274709404,301.22633444724494,0.97776085055802
2470000,-83061.7589764453,298.989696598861,0.9920293898577626
2471000,-83034.22900650033,299.33399747556757,0.9899293199770555
2472000,-83045.9557332191,303.46671877292704,0.9790792881919069
2473000,-82936.60192492174,301.0257204121847,0.9811496594527848
2474000,-82919.61594013305,297.84010949969576,0.983134944241417
2475000,-83093.15200618136,295.5441681912254,0.9937567515342397
2476000,-82777.63854985416,302.21961512951276,0.9747365438543556
2477000,-82697.01275495283,298.37016866113345,0.9771185402369067
2478000,-83497.09032250504,300.1302946667402,0.9859646993202655
2479000,-82977.3041854956,299.2476344349128,0.9739061457135328
2480000,-82600.51081390848,294.5339561974301,0.9835834753001035
2481000,-82770.83106712939,300.01136623395627,0.9881118400681589
2482000,-82602.97656084766,303.45516726341793,0.97489628194087
2483000,-83181.14515574224,302.44991761944567,0.9824756408685205
2484000,-82823.377760161,301.2177558142897,0.9829664561111541
2485000,-83358.51977467258,298.9859044521332,0.993854200759561
2486000,-83232.95761710551,304.1851284015064,0.977276088612256
2487000,-82833.92797673354,299.1451530673738,0.9931185471307971
2488000,-83106.90835868713,307.2188522210606,0.9918355327478465
2489000,-82762.77174304897,297.65676814886933,0.9724230677454676
2490000,-83251.89995671378,299.3440946467548,0.9855557358103164
2491000,-83265.66660219932,297.7495644903994,0.9742812838150667
2492000,-83468.74273618218,302.38833015489513,0.979241759574471
2493000,-83216.50578383228,303.22497435567277,0.9844315415158602
2494000,-83020.2665737521,294.30669537992674,0.9902508153243937
2495000,-82936.12032072083,298.52919703924755,0.9778651432384228
2496000,-83039.67259670113,294.0550477260066,0.9860082383618759
2497000,-83465.16402322403,297.1678178865433,0.9961146426789274
2498000,-83361.08960540558,296.7338011580256,0.9898086508041105
2499000,-83290.81568139832,302.27407339912895,0.9933846548369385
2500000,-83287.7529940462,305.4911088839173,0.9789567726962127
2501000,-82835.39512305608,297.8314910061482,0.984213437815162
2502000,-82783.35622323025,302.21750334080986,0.9763968325144916
2503000,-82881.79514367651,298.2688405685105,0.9853543234688049
2504000,-82143.10994118842,306.4705685713682,0.9733697062658905
2505000,-83211.63519437658,313.112905848112,0.9849318611351982
2506000,-83061.02840569703,298.31605837366214,0.9832597849461092
2507000,-83346.04582434625,291.9499299600755,0.9818986690077244
2508000,-83486.22502187884,299.4643934140329,0.9820316812486887
2509000,-82385.74617297703,295.9940695895056,0.9805924507421847
2510000,-82855.55682589288,304.83151299425106,0.9823143963399297
2511000,-82901.41153469792,295.36515562412376,0.978725420866389
2512000,-83105.2035666501,308.05825817945873,0.9785785831808534
2513000,-82982.97624124255,303.97994856794475,0.9769924854894085
2514000,-82954.46713880298,297.5052791624203,0.9758572609058548
2515000,-83528.47034224094,309.069946292742,0.9840824935678947
2516000,-83085.82636504131,302.37613850865864,0.9862154985048132
2517000,-82876.59000928659,306.8669706040395,0.987828971801302
2518000,-83418.85208813124,302.7790431241487,0.9840593820670553
2519000,-83768.55267965765,307.4794476367159,0.9857009312785968
2520000,-83064.43143945961,300.39149858224283,0.9731201921208245
2521000,-83172.34010976955,301.70591156868664,0.9871905176426108
2522000,-83871.28395291569,290.21911389665814,0.9843077464036032
2523000,-83092.63971841434,300.1059651036805,0.981134260300833
2524000,-83282.13282123196,302.38702188170276,0.981203917733518
2525000,-83233.21371150651,310.51175426345867,0.9984095833194988
2526000,-82713.26732428942,308.40239427579814,0.9857277956797265
2527000,-82753.15432635014,301.9572225866363,0.9862883828722673
2528000,-83207.52025887021,294.5260657016466,0.9800256846701805
2529000,-83095.95963173098,302.2897296900172,0.9804638291678011
2530000,-82963.30538387201,304.2940113319331,0.978151366352696
2531000,-83045.47075323266,300.5672286806557,0.9838853874817214
2532000,-83128.59110403451,296.7340139034618,0.9936080363576243
2533000,-82823.36211106664,300.4839087245407,0.9805520534008023
2534000,-83347.33163106581,295.72708090351847,0.9853295172740538
2535000,-83283.86894549767,295.2263950325184,0.9902009630473361
2536000,-83306.88615599414,294.81300938826274,0.997426262304752
2537000,-82820.52553035272,303.48668450379796,0.9855387213114511
2538000,-83429.63041065901,304.61335879677017,0.989802025800639
2539000,-83138.8561277705,299.5908760772256,0.9886665546317216
2540000,-82942.67625390779,299.36920491593673,0.9710710605635179
2541000,-83015.29177993763,297.77573228153585,0.9876972458058596
2542000,-83220.60235668853,304.16862236153014,0.9799028704410164
2543000,-82853.67146840278,299.59882258207716,0.9822489638115804
2544000,-82977.24607274291,302.5743237143965,0.9812268826111225
2545000,-82881.61137100903,305.76118661663014,0.9792178393832387
2546000,-83331.47457574925,299.3875979364079,0.9845007968635977
2547000,-83291.67976830498,302.64175498145187,0.9988292264149096
2548000,-82931.94684897218,299.98732148247717,0.9913331420168618
2549000,-83191.70455099718,297.7316476644586,0.9855203288485522
2550000,-82896.99307763233,305.28121679574593,0.9876515189418628
2551000,-83541.41214461485,300.4707175111921,0.9941231378139246
2552000,-83598.69272857485,305.3518142772004,0.9837594529758268
2553000,-83350.16244533198,304.6649440874528,0.9840651436926432
2554000,-82786.95019148348,302.24315796393597,0.9738951332378303
2555000,-82907.98211020627,299.8961290773431,0.9882739046166507
2556000,-83040.58235940902,298.77030413230466,0.9915969226312117
2557000,-83155.47423139977,302.3553443040478,0.9775484929832958
2558000,-82888.73222769966,303.9355296178525,0.9848365311118382
2559000,-82479.73476579163,293.6693868889973,0.9743014190554897
2560000,-82968.71726925898,293.31877738978034,0.9903178345731724
2561000,-82536.37022640218,302.377812258268,0.9778100853474854
2562000,-82386.78662826732,301.75379590106786,0.9753390876411637
2563000,-82781.56340944022,301.74081370461033,0.9781493617337994
2564000,-82836.13861125975,293.6576853364231,0.9836080930306742
2565000,-82783.73683636606,295.2314367165167,0.9845922368177418
2566000,-83483.56071778323,298.99154717966263,0.986331154271328
2567000,-83128.22304181178,299.0023146022619,0.9749791188194292
2568000,-83025.20487931481,307.0978286385304,0.9831750104025755
2569000,-83097.98198929976,304.20981673526035,0.9908592482211938
2570000,-83003.16070167773,302.7957168611831,0.9780934261452845
2571000,-83285.1963586926,299.77323615745564,0.9857881341354585
2572000,-83119.06427711184,297.8662842062621,0.985612379487711
2573000,-82889.9787154448,294.6738083355094,0.979217094814018
2574000,-83314.804573301,298.6233503070228,0.9950369217915581
2575000,-82923.175524474,298.81163180338774,0.990995447398354
2576000,-82989.53979872173,303.43868697252924,0.98832367557786
2577000,-83243.74681364727,297.79195594779884,0.9847921505687122
2578000,-83391.15234365495,300.99450242531833,0.983544521655808
2579000,-82689.88322110375,297.94948901471366,0.9794695772087684
2580000,-82827.74085946131,299.96641080732854,0.9958084274832111
2581000,-82865.91614400502,303.22648189849394,0.9783388232581177
2582000,-82692.50573581964,302.1300487722988,0.9751063224288149
2583000,-82865.40591180709,301.71555665295654,0.9802472814988522
2584000,-82914.34310075385,301.2541934561219,0.976082531382682
2585000,-83214.60378527589,300.2145047594125,0.974790480005955
2586000,-83045.597687723,297.74295317542135,0.9909012205412678
2587000,-83207.4056170453,302.087636783663,0.9973278420261785
2588000,-83177.78842254775,297.75274180538736,0.9841820778602082
2589000,-83261.77321105287,297.2357118501914,0.9875213234379714
2590000,-82879.80131671712,302.3330846985389,0.9771558007733335
2591000,-83437.21756270085,298.85405998142386,0.9919286079987736
2592000,-82277.49745376967,302.36845275726813,0.9771274989036689
2593000,-82937.50104246632,301.8378590391334,0.9836908555229592
2594000,-82623.3422274171,302.48181655744753,0.9794446175399095
2595000,-83556.25865414104,298.0586193424833,0.9875650987491438
2596000,-83111.75112294446,296.47598670728036,0.9815274575599278
2597000,-82976.39124323445,300.9489861581405,0.9826103202889246
2598000,-83232.39552316954,303.44052478559803,0.9786936202159674
2599000,-83249.13970916806,296.5968596183219,0.984958479075315
2600000,-82620.25900175853,300.49789669240477,0.9815457585824333
2601000,-82988.9316673454,299.5428538113152,0.9917574714142104
2602000,-83524.20898791135,303.41183075349045,0.9791551365520781
2603000,-83153.86686451419,296.6006876532467,0.9828413151589732
2604000,-82857.46045374672,290.9273634340854,0.9836159122881414
2605000,-82997.26420587767,304.2106287421404,0.9896762621745469
2606000,-82573.26345444226,307.4037230772994,0.9910540411427975
2607000,-82860.97991919285,302.0338886658475,0.9874350800406634
2608000,-82968.03087027202,297.49958949499666,0.9818273277659524
2609000,-82871.49226839753,297.98255746731513,0.978468098423528
2610000,-82998.58692654024,304.6596897343394,0.9812299836146037
2611000,-82826.94178178848,300.1501387877569,0.9867299830393957
2612000,-82605.07804061449,305.1207106399508,0.986210292186722
2613000,-82696.94892223278,296.17619623877533,0.9845833578668499
2614000,-82828.68151884602,296.97482690725377,0.9739990832359245
2615000,-82642.82179083588,304.38270452910973,0.9714982661944646
2616000,-83108.86733180465,302.9204716842798,0.993339617168078
2617000,-83257.71869924257,307.1077986473573,0.9853072963019711
2618000,-83138.33997911745,302.393556588249,0.9880082988105786
2619000,-82801.32661242067,301.98441510336096,0.9792614417257935
2620000,-82433.99616509106,303.8876625088482,0.9820702278632054
2621000,-82917.7865949577,299.02702263222113,0.9786055409934628
2622000,-83078.55645902635,295.8516822708654,0.9796459420366671
2623000,-82973.23744484998,302.5858189636164,0.97367142950501
2624000,-82974.54246340808,305.5561117512558,0.9918193065258263
2625000,-83155.48841431411,300.8675957314204,0.9908296627730783
2626000,-83287.58964467642,299.7386567551391,0.988756064056376
2627000,-82756.26617786783,295.9449917147377,0.9750261989711807
2628000,-83375.30702504236,302.4026422938927,0.9835390693527739
2629000,-82919.53449443239,300.6799809777522,0.978706348590122
2630000,-82634.44743746653,299.2319578081973,0.9803368826055255
2631000,-82684.24774460448,309.46855800961094,0.9783597201237354
2632000,-82819.8293055055,300.87833369069097,0.9814784762679134
2633000,-83120.47148756188,301.96414310316146,0.9723775268654937
2634000,-82889.76171127608,295.37231925498224,0.9772778349398153
2635000,-83529.63889859233,301.93202221087904,0.9733786423633396
2636000,-83187.81854068715,300.9424597785304,0.983993318089618
2637000,-83383.63048038998,304.3052175982269,0.9876959868576992
2638000,-83356.94708599104,300.0646087101797,0.9857027624663863
2639000,-83145.26915817754,294.5476356061803,0.9905499806613863
2640000,-83169.70322831924,302.81544817561655,0.9862388365247482
2641000,-83096.86611889192,302.26899088162423,0.9967903659011507
2642000,-83017.75661374122,300.2036272524073,0.9761539044757127
2643000,-83087.66500194848,299.4389356832932,0.9884960515045925
2644000,-82908.61297424766,303.42907565567947,0.9850657972049213
2645000,-83452.63256610179,301.76079810904605,0.9896128357730322
2646000,-83345.55378721759,302.37225953850435,0.9881544056851992
2647000,-83397.69444874872,298.74773681991957,0.9921590750759637
2648000,-83296.54629038234,302.40676892418696,0.974760143875134
2649000,-82995.70391648763,298.8622103424885,0.9651689138049846
2650000,-83287.502707634,303.07282721600706,0.9971188905285905
2651000,-83363.64673920214,299.7656244857128,0.9904908374536667
2652000,-83087.3950548211,302.6061415433791,0.9831865305670995
2653000,-82811.01127991884,293.68414486795774,0.9768726751077044
2654000,-83131.88478340267,297.24101409926806,0.9801048142095685
2655000,-83312.1629364079,302.484247001106,0.9826379927001833
2656000,-83303.69627312984,297.7230198222026,0.9893309729562024
2657000,-83107.46842601057,301.5612441174486,0.9768011301866907
2658000,-82956.2748136014,307.18997712644165,0.9853750140931571
2659000,-82926.89751049055,304.2352894754288,0.9871723063622361
2660000,-82823.48559970764,305.7981844666092,0.9802370226664696
2661000,-82968.73707269481,300.9259773613351,0.9820021379031711
2662000,-83140.37136742973,301.5787258736453,0.9935672170461557
2663000,-83081.76303870522,299.45601774681404,0.9883718810252456
2664000,-83017.3621289747,308.23260227324334,0.995249446728166
2665000,-82891.0033228221,296.2989863763433,0.9917869806878244
2666000,-83265.35176101595,297.90337324740136,0.9883760397756135
2667000,-82931.99445611594,301.1465001754148,0.9892211076926238
2668000,-83124.97741588543,301.6952945627428,0.9884074574181524
2669000,-82923.15481059824,301.1782723305513,0.9837388813006962
2670000,-82790.63441080588,295.5901374379598,0.9744607977298684
2671000,-83167.62135156104,308.0426755880393,0.9897808953884539
2672000,-83163.83297568344,297.36819818637815,0.9824923561923407
2673000,-83202.42538050644,306.845023037996,0.9891081839604566
2674000,-82606.07213322248,299.85552544546783,0.9733935891010453
2675000,-83466.0513705099,304.8257474934966,0.9833308925078706
2676000,-83751.2956638009,302.55155870665845,0.9905372694904768
2677000,-83293.79547587375,305.32140686051014,0.9789294813102746
2678000,-82977.40143434098,304.90051220948743,0.9799567659303197
2679000,-82967.53409105481,306.1332715152161,0.979358848395806
2680000,-83089.84754588199,301.1968166841745,0.9887744297529446
2681000,-83195.37920887582,300.0695108829548,0.985167342857446
2682000,-83113.87587044504,302.6587747350716,0.9785345986285819
2683000,-82667.44596558553,305.5328933428629,0.9859380959290912
2684000,-82579.71305330598,296.5804337692223,0.9768168585937554
2685000,-82639.02200698259,301.00330007069465,0.9806767372214237
2686000,-83310.27031103143,297.5860016387569,0.9960766498107354
2687000,-82566.15988120559,297.4589850308961,0.976235957721565
2688000,-82985.53611444723,298.38674110963956,0.9841971795992981
2689000,-83196.21894105512,294.08993509069927,0.9931603403909811
2690000,-83140.47340183886,304.7690795915861,0.9947700701498569
2691000,-83084.61026607128,308.1314306071765,0.9857028846031266
2692000,-82947.07763538061,302.3432941875225,0.9805792176613127
2693000,-82969.71304503287,298.811014472859,0.9831783019106944
2694000,-83677.8404978204,297.6880962576365,0.9868334947798955
2695000,-83562.50607186975,295.7127373391945,0.9838634692050717
2696000,-83008.92099323473,295.4619532247055,0.9829809224420184
2697000,-83166.88128777687,300.5790796481603,0.9890748514277741
2698000,-83211.9432270109,291.1709586911851,0.984576425069006
2699000,-83947.50123185996,295.35894968182714,1.0001652721403556
2700000,-82673.58625682525,299.7203406606817,0.9726024170669223
2701000,-82768.78577299969,299.5147135119744,0.9815769264048114
2702000,-83483.79222406709,297.6848179148186,0.9902517297757824
2703000,-83053.90265296819,295.5532645588299,0.9897699786962013
2704000,-83712.02099116542,299.66569648520556,0.9822891926915065
2705000,-83234.15490681696,298.880061960995,0.9796381142086219
2706000,-83686.966790042,293.85637128879745,0.9853476272871706
2707000,-83263.64829399192,301.85898568638527,0.9831901301624683
2708000,-82992.09240454505,300.83310488133634,0.9844551896442469
2709000,-82840.25495539297,301.69092592871317,0.9723414198633533
2710000,-83080.07122607366,298.0649208806534,0.9801836758858029
2711000,-83564.25583299826,299.7466655442045,0.990614995327101
2712000,-83039.40660483541,301.1929454093733,0.9843665899773417
2713000,-83023.85354937147,306.74698779581456,0.9794459515917788
2714000,-83139.81113610946,303.8578345720081,0.9907592889447082
2715000,-83101.17317921814,302.2893682517009,0.9867227382284467
2716000,-82885.72981344495,294.78894162050585,0.9675348162159232
2717000,-83111.8629344193,302.1258588420137,0.9801117658599225
2718000,-83294.50548230845,295.8812191583493,0.9871673932904541
2719000,-83214.1389071581,300.1027987507673,0.9751939147472507
2720000,-83180.52309773327,299.51084664492936,0.9830309032909075
2721000,-83019.51992296206,305.16662446540863,0.9816645680194356
2722000,-82995.32055491023,304.47399405962767,0.9852913685934548
2723000,-82862.28906110581,301.6152057011385,0.9893378105420425
2724000,-83006.18207547185,305.8079109709978,0.986655720203885
2725000,-83044.1918515942,298.62685438701635,0.9766985904572375
2726000,-82998.4056011585,305.10427894941824,0.984397851997383
2727000,-83161.91809866985,293.9904389206883,0.9886961890098555
2728000,-83196.0536133832,295.91235911848116,0.9890589876067645
2729000,-83064.66551427153,299.2205036969437,0.9738076694460883
2730000,-83627.52266302332,296.59218848824946,0.9814248399335457
2731000,-83258.47129971773,294.543111347232,0.9873377989567368
2732000,-83066.65606496471,303.80225221981976,0.9775379136117606
2733000,-82414.1028647938,297.8469755124516,0.9677853060493619
2734000,-82975.6736938433,296.6188533154147,0.9740744574598496
2735000,-82328.28911253111,299.88664681017224,0.9758609307835898
2736000,-82942.37035541597,301.56820650397094,0.977699408096832
2737000,-82993.21438767295,299.1116786370544,0.9828526363374263
2738000,-83547.85924472922,298.0313211999592,0.9911533987671118
2739000,-83190.31808043836,306.29778070515897,0.9848984999526252
2740000,-83034.3560738606,304.3040464928762,0.9929764598664359
2741000,-83291.8004487746,291.57976254629443,0.9822605604663399
2742000,-83352.25763494975,302.8175495603459,0.9816628062556377
2743000,-83184.758961763,296.74711766043384,0.9855337122299229
2744000,-83425.50438621867,302.61705096685495,0.9866418176124148
2745000,-82819.23805404815,291.4331477627996,0.9770667689015553
2746000,-83462.97892113135,299.7751375536541,0.9806269849093998
2747000,-83311.99631072907,299.90852751635487,0.9853169439197313
2748000,-83116.00548904535,300.47205468248865,0.9716807325678534
2749000,-82851.28312610654,301.2246262210484,0.9752825461569873
2750000,-82938.66951619915,301.55492422339995,0.9879447657576154
2751000,-82907.54426575114,301.563538252998,0.9754368682416974
2752000,-83131.36783377622,301.710751576415,0.9846140023125182
2753000,-83263.61793957971,303.41133580837175,0.9873709520859213
2754000,-82952.10109450022,303.7803305294648,0.9898364963218532
2755000,-82833.00269775762,298.98015043716975,0.9864477679448326
2756000,-83261.89711008599,298.2326654509981,0.9802793036258906
2757000,-82573.3737401868,297.6416513105165,0.9760364645919518
2758000,-82583.60939964297,302.2278075193858,0.9895768985410309
2759000,-82756.97341336089,301.9525076659227,0.9806976230613217
2760000,-83304.5294903731,305.80026487363483,0.9841339297809699
2761000,-82746.66076990776,298.2890656324257,0.9790016013027915
2762000,-83070.62317840115,309.66167381223977,0.9778588341546407
2763000,-82880.74278370442,300.200488437713,0.9875251892527374
2764000,-82732.10319964879,298.2122364771548,0.9884022634908222
2765000,-83140.89287020243,299.5382026080394,0.989749182281942
2766000,-82873.01827854104,296.74332650374765,0.9817648471888238
2767000,-82888.34668252384,293.9265331881844,0.9748527552261639
2768000,-83359.89001163392,298.1525635879404,0.9742433894061143
2769000,-82891.90206894983,298.8336128241695,0.9712823270013111
2770000,-83439.16193685005,302.84748066448367,0.9790565788666722
2771000,-83018.00853844697,300.5936123524518,0.9877523195264692
2772000,-82723.3582922254,297.03873584637114,0.9765371206487629
2773000,-83143.22768367582,305.6845576431522,0.9874301899571003
2774000,-82773.53795594984,300.91538803593573,0.9768746146341245
2775000,-83173.678065882,301.77848392598787,0.9831203619373708
2776000,-83019.0933825873,299.97558395820533,0.9818021277562824
2777000,-83396.38818480703,301.0679110413429,0.9894978451309016
2778000,-82864.98795860424,305.3565200984313,0.986574012183426
2779000,-83064.91747411684,304.39000633464616,0.9870941452460826
2780000,-82540.16328827571,303.3149007476336,0.9888544753949267
2781000,-82535.71131289052,302.3197654854262,0.9787328760982068
2782000,-82816.0512557865,296.97290128221823,0.9796510809020765
2783000,-83395.77638390625,296.7048285054952,0.9782079874715548
2784000,-82830.89547350514,305.2710099671523,0.9783347352934282
2785000,-82764.19091994734,300.86151013958187,0.9933824873622662
2786000,-83137.06580446335,299.17895530099804,0.9861329208167238
2787000,-83109.64086826798,294.174314935672,0.9827916978203279
2788000,-83399.11441357888,304.59697380481055,0.9794157831459847
2789000,-82360.48536318645,300.7247056569209,0.9822815647811651
2790000,-82621.70629230805,306.006359996321,0.9769600515033313
2791000,-82837.33572629892,295.8563179386866,0.9834578523601282
2792000,-83137.35021038196,294.5236520083875,0.9873841017663884
2793000,-83145.58546835784,302.1929845990697,0.9824679708846495
2794000,-82686.8606657529,296.7087427459277,0.9806924415015199
2795000,-82828.83332873567,299.5533632561182,0.9872657820309465
2796000,-82957.69820034713,303.9363831865003,0.9751332585159235
2797000,-82899.40412730334,303.4293034708467,0.9930129413307026
2798000,-82742.20620819967,296.986026961919,0.9870702616778042
2799000,-83221.54720026703,304.64215735613243,0.989974283627488
2800000,-83168.48194015247,301.28687293857894,0.9871519731292889
2801000,-82909.60223112197,299.54976030810917,0.9773511441555217
2802000,-83351.293334544,302.6905817097321,0.9775813274234936
2803000,-82830.65431711759,296.15959284273305,0.9806995859287877
2804000,-83276.09606833529,293.2280306655763,0.9898436822730416
2805000,-83441.9804571963,296.36109390088956,0.984211446407559
2806000,-82948.64244388504,299.9966655090766,0.9818894576028716
2807000,-83776.81023865903,296.2302023901322,0.99362553848441
2808000,-83612.93581137032,302.3772759295123,0.9906139101285224
2809000,-83003.79230659985,294.62034366353066,0.9825659021691625
2810000,-83081.7067288392,297.96718251520196,0.9834013965346925
2811000,-83052.45509056735,299.3080069858364,0.9816402581776392
2812000,-82839.56357782782,303.6615212774626,0.9743367687885831
2813000,-83064.23799542431,297.1462483700821,0.9797947527796068
2814000,-83136.38815726555,296.0639165875799,0.9860016357170813
2815000,-83008.96471061622,295.9575978891782,0.98923882130763
2816000,-83024.7129111822,291.76272883842614,0.9786088772170712
2817000,-83112.72582121805,297.3656338176126,0.9890311454958535
2818000,-83078.23939014488,302.7723626307874,0.9846544266750401
2819000,-82760.98299954814,301.5639402345337,0.9820962775674312
2820000,-82672.90884787898,304.3530240159466,0.9689050833121442
2821000,-83362.1869499989,299.1628842471208,0.9754858359950345
2822000,-82945.75666735787,304.4518152759779,0.9757225836375986
2823000,-82930.41071714734,304.9646646295939,0.9870976086383161
2824000,-82847.30223605863,297.4482745249702,0.9822259356570547
2825000,-83140.85301504744,302.2414847692472,0.9880619766726179
2826000,-82962.19438067061,299.53829114971774,0.9773002696482994
2827000,-82846.42789171415,302.5487548195634,0.9850429588297165
2828000,-82788.42152846075,299.0523580458834,0.9862628082951711
2829000,-82708.54552079277,303.626017190165,0.9808544329262261
2830000,-82966.42180333869,301.8500681888505,0.9785909003310967
2831000,-83283.4352518146,300.725901923078,0.9844977603576756
2832000,-83533.39462013205,304.9327798246396,0.9818284018159361
2833000,-83109.56230277207,306.7685567496594,0.986244380465007
2834000,-83561.67646185635,298.28211038008556,0.9841531505897113
2835000,-83099.98790028645,297.45236595644263,0.9826855104102612
2836000,-83371.60926354618,305.2848226070906,0.979580097689649
2837000,-82753.81106202165,297.859170567759,0.9840146024118435
2838000,-83367.12002286408,302.9195621117083,0.9842988484290045
2839000,-83258.54130691872,300.7900525020665,0.982761622192562
2840000,-83038.84819553368,305.4356610986828,0.9780524050459698
2841000,-82855.30173409154,297.3991764318011,0.9735958130219214
2842000,-83366.78097585641,300.2221989926805,0.985911062978727
2843000,-83216.0197441394,293.39113956789765,0.9786403808252305
2844000,-82928.95323198562,295.92430386077774,0.9812537104307636
2845000,-83275.74195754156,298.6173603339753,0.9814981759299063
2846000,-83180.82385324565,304.28942808663396,0.9869975547196506
2847000,-83162.26582763792,303.8874278606654,0.9898557684583729
2848000,-82880.41341073893,307.119340104407,0.9874039668849613
2849000,-82741.00713189278,304.06793421511514,0.9866032987146496
2850000,-82983.90842297167,299.3569910340682,0.9853077922804591
2851000,-83193.37464310823,296.87916477269374,0.9930110070136103
2852000,-82892.16587960278,300.13402333699185,0.977975365010849
2853000,-83020.6230621853,293.4688075999992,0.9841943743264026
2854000,-83239.86949697108,299.15991687231366,0.983041228168885
2855000,-83154.93800748448,298.8058086560265,0.9752305775150969
2856000,-83507.76571748639,302.1870741291335,0.9902784229994838
2857000,-83204.66843455622,297.68742523387976,0.9908961075004851
2858000,-82966.0713536492,300.1505433798541,0.9825047943154785
2859000,-83271.36982386763,306.70128519016123,0.9802584412889824
2860000,-83559.3731269929,301.5943517225151,0.9858498901622843
2861000,-83212.70851366495,303.15148944964994,0.9874673214926746
2862000,-83570.31886220194,303.73683619669094,0.9869333627821982
2863000,-83271.85789955407,302.86485084172915,0.9825670195004805
2864000,-82731.97175209085,300.04058313108095,0.980278943084257
2865000,-83097.19249538303,301.49721943558035,0.9815230037282435
2866000,-82780.63535093551,299.11113129949683,0.983161375154729
2867000,-83283.33394384227,303.17034029090917,0.9800716674273409
2868000,-83603.96081292978,295.64417813076057,0.984426641329204
2869000,-83368.48702899076,298.2572168447321,0.995157083800595
2870000,-83093.7334483377,303.24311688281534,0.979630555389503
2871000,-83181.92450250842,304.4298846715979,0.9850488206023399
2872000,-82983.39609379013,297.66809637985904,0.9881698067170569
2873000,-82924.08691321203,300.82729951769613,0.9852837212613362
2874000,-83883.22820908338,302.8806290973868,0.981684646112121
2875000,-83315.21403592516,299.2204177555047,0.981022152788918
2876000,-83924.56384473015,295.6313918211531,0.9920796522459058
2877000,-82891.78853702365,289.66088505323484,0.9823819977855102
2878000,-82982.46558570745,295.3499522409838,0.9811407514348862
2879000,-83448.39957567671,292.93456694032113,0.9905042447074622
2880000,-83494.54150599818,297.3420104793017,0.9864701281225499
2881000,-83444.4577968751,287.6222688057777,0.9865834971222963
2882000,-83628.46741471771,300.4743997072037,0.9906208208617063
2883000,-83222.17326895572,302.69069895508846,0.9872904837906732
2884000,-82936.93881081342,297.1952079751166,0.9769785083697626
2885000,-83365.21240650729,302.58468144030064,0.988150106961201
2886000,-83555.9076760044,301.0041654966531,0.9837788729921514
2887000,-83629.31852143724,296.11562958801414,0.9866958949642161
2888000,-83047.93757380411,295.74397125110676,0.9856306662438762
2889000,-82879.00998090254,302.9152842596401,0.9890972025177541
2890000,-83192.43773473374,310.8256966077499,0.9936228781323683
2891000,-82865.9713171575,303.88161536197936,0.9901409037270433
2892000,-82873.91949580488,303.9247028757212,0.9782740806234496
2893000,-83656.38069192169,304.39660116775667,0.981874972307879
2894000,-82860.5393588068,305.15006653214965,0.9784476071460116
2895000,-83230.25294319197,303.51719193178025,0.9913005452988072
2896000,-83487.58821531851,303.69491864127104,0.9820296966954424
2897000,-82845.5589244914,301.6561712374111,0.9778061396010306
2898000,-82528.03825795883,302.4653476253757,0.9735010792649182
2899000,-83074.11203144863,304.31581399945594,0.9719843953625246
2900000,-82226.0512576041,297.16519792128526,0.9743469761359501
2901000,-82553.7033798807,306.73246078263844,0.9793085180758248
2902000,-82960.02231096191,298.7327417997177,0.9840253941490733
2903000,-82914.91993533168,304.2986693256636,0.9813441861366758
2904000,-82674.02388902096,306.2439959210932,0.9761784177969183
2905000,-83076.25785447046,299.91314793175155,0.9841319517939046
2906000,-83222.63263631932,304.74180571368447,0.9792866489630909
2907000,-82921.0976788142,303.3231628083595,0.9775733101640003
2908000,-83073.54564936442,303.6432684578925,0.9855869624401412
2909000,-83240.00780093746,301.25910277059796,0.9836076999706548
2910000,-82921.8049533267,297.4346179597658,0.9831892899886951
2911000,-82695.2648732228,301.8490511340452,0.9821871253434129
2912000,-83321.89928888716,304.52598090818975,0.9936939861190506
2913000,-83147.38395998307,294.0379959093857,0.9805221635852565
2914000,-83209.75827861205,295.78281290679126,0.9808775683132767
2915000,-83145.79392512195,302.3483557980787,0.984869513431247
2916000,-83018.81414597912,298.6852059899832,0.9820165601418612
2917000,-83264.37003834645,307.3739610060715,0.9745521744380409
2918000,-82959.36416576826,301.98370453708236,0.9882557968045098
2919000,-83091.03887744562,302.1909319209344,0.9829397979552116
2920000,-83260.00810795132,295.288959393523,0.9835637699832401
2921000,-83078.37238928047,296.8786739006815,0.9921438702840726
2922000,-82992.76021829114,297.03492564696535,0.9826365328459487
2923000,-83430.12748819374,299.7565912448742,0.9857115666766684
2924000,-82879.89864829305,302.83667484716545,0.9881558408165366
2925000,-82400.7795942268,300.65977452839405,0.9766151803684961
2926000,-82504.4295799546,299.76724040927553,0.9835840590153506
2927000,-82831.03887425328,300.6722253198953,0.9847666569772612
2928000,-82420.54069762869,302.20317187323366,0.96331728851944
2929000,-82893.66113109043,303.82188794441544,0.9834380012128427
2930000,-82775.54236038163,296.0476439740443,0.9744285586801175
2931000,-83369.330187933,302.81027943584087,0.9859110572284158
2932000,-82971.29277304764,297.435248762463,0.9823858332382654
2933000,-82385.27101159241,295.47416548654917,0.9758738594314458
2934000,-83063.7076807614,307.3957029086215,0.9854723349368187
2935000,-83081.66040722607,298.72978961987843,0.9829857308253582
2936000,-83375.72150588583,303.84767386683376,0.9790635730591004
2937000,-83112.18283324793,296.02626402732443,0.9698328278677731
2938000,-83472.18423224118,301.1269159343621,0.9763003221789105
2939000,-82967.91150488792,291.8424089529755,0.9742324419826833
2940000,-83228.37925075367,298.6339489505248,0.9836955852737176
2941000,-82929.81829180871,302.8243264503968,0.9848687621443922
2942000,-83036.4913286331,301.90506444874205,0.9807110434407035
2943000,-83444.06317001372,297.18651808202014,0.9923456430319506
2944000,-83463.88158906903,299.3390274811234,0.9786787525579853
2945000,-82757.94596984255,299.45002900631926,0.9802455711439426
2946000,-82962.58061398502,304.3609012680859,0.9887083972475587
2947000,-82933.8207227278,298.6192187743851,0.9815293730833873
2948000,-83257.52646359446,300.6186232887337,0.994527103817135
2949000,-83114.257485446,304.1639555465385,0.9970459229092506
2950000,-83024.72643759951,294.01324754125784,0.976794064700912
2951000,-83410.35425892589,298.15464192130906,0.9766977004325137
2952000,-83201.78602106083,298.9329930571781,0.9866273575195303
2953000,-82468.70766069653,298.0592786888307,0.9863819913494409
2954000,-83007.37015273242,296.68430751887536,0.9825433950571791
2955000,-82791.73438781535,296.31475705936055,0.9808155845109711
2956000,-82841.81920274219,301.82231408300106,0.9816612868094251
2957000,-83300.93157025764,294.19847456627656,0.9836479603086169
2958000,-82878.62489120255,299.87146130261874,0.9805707978061899
2959000,-83186.2725631154,297.6155953473183,0.9865063671584191
2960000,-83262.02450661612,302.4513908067129,0.9854121758566532
2961000,-83112.15030463494,297.0761925184847,0.9808197990737083
2962000,-83356.68698198773,298.4185024456208,0.9918019672753894
2963000,-82753.07400448859,301.623534950147,0.9807345878312029
2964000,-82877.91824776889,308.17178406148855,0.9820289158593435
2965000,-83243.60249408544,300.80428904605077,0.9863947157253272
2966000,-82862.18714683101,296.7742427451467,0.9762264730355387
2967000,-83227.59632227325,302.30732304052344,0.988285332649125
2968000,-83193.76555804996,301.49545442908635,0.9837664216354658
2969000,-82995.35219648626,302.14280446149434,0.9832714386658281
2970000,-83407.59501569287,297.8279689616863,0.9869930649948541
2971000,-83033.39433873235,299.9349491413905,0.9882398432381962
2972000,-83256.19634844159,299.1926180641307,0.9794759964021247
2973000,-82714.90317105653,302.4597512383978,0.986349632285773
2974000,-82625.871222844,299.22841516966326,0.9817907194292793
2975000,-83239.71911184792,301.7138092712425,0.9840600137101294
2976000,-82582.64972573466,296.6132764096849,0.979551236517968
2977000,-82831.70183932461,301.6343267961082,0.9669638553417422
2978000,-83254.57114087028,302.345506622669,0.9908635674307833
2979000,-82993.46062868834,306.88616570729016,0.979085003705507
2980000,-83021.87373215478,297.6439638731263,0.9806947483198228
2981000,-83223.61075365456,297.96132705436116,0.9905955209507631
2982000,-83137.65282728552,301.3869720227037,0.9831709560071535
2983000,-83595.69511418289,300.3319413186211,0.9944970309185588
2984000,-82790.02130314475,300.2569561602471,0.9706260731102774
2985000,-82859.63341115328,307.80009415435654,0.9878220144964333
2986000,-82906.24762978253,300.72020841747883,0.9815407564514698
2987000,-83348.70577246096,305.6386586251151,0.9836343728327546
2988000,-83052.95612234192,294.7660992699591,0.9895378244076078
2989000,-82843.37243909482,298.7684642041701,0.9861351155372884
2990000,-82906.31244969444,306.97904831714163,0.9823921937885318
2991000,-82623.99346922408,309.24247926900136,0.9732866373599791
2992000,-83036.67132276268,304.3221399031532,0.9646408455287874
2993000,-82748.51276862028,290.10959430529095,0.9766763373378787
2994000,-83039.33047453227,301.519649767292,0.9919663655661832
2995000,-82810.59251188609,304.32525655895574,0.9911892709064157
2996000,-83276.14334173239,300.753827766327,0.9904159969805033
2997000,-83177.36369533878,303.47654959998204,0.992827021108263
2998000,-83423.72018685704,304.4649681137407,0.9867064947927487
2999000,-83100.97160787549,305.8830819964532,0.9973865626340808
3000000,-83446.65209139034,303.24668130908486,0.9740485748185281
3001000,-83200.55476146488,296.23656779549964,0.9703648001441062
3002000,-83111.3916740013,296.58292640874436,0.9727016578677098
3003000,-82692.27190553682,295.9940714968349,0.9917033802145641
3004000,-82889.14529795956,296.72937956496565,0.9921989083427973
3005000,-83293.00035318523,300.5287022472296,0.9879379434600001
3006000,-82550.2478085063,304.5836642521857,0.9779606989041695
3007000,-82686.06216916261,299.8417582731362,0.9893928105996244
3008000,-82747.13208762783,299.58687245294254,0.9860913859514729
3009000,-83036.72354047163,301.3420952776596,0.9853941792944623
3010000,-82997.02231925103,299.4514368952412,0.9884757740899195
3011000,-83050.96128848195,300.17325871218463,0.9839305724324297
3012000,-83298.67186067277,290.1782476899602,0.9899703832644947
3013000,-82721.84958419343,298.2304032574633,0.9889560230566092
3014000,-83158.15769171243,296.83960427041086,0.981512673914863
3015000,-83152.69244214805,305.7564285904805,0.9864748111382889
3016000,-83398.93543745734,301.4525931437004,0.9812133781693655
3017000,-83091.41398841463,301.6117203184475,0.9838913167066283
3018000,-83692.42990092468,298.5965346250906,0.985274947050997
3019000,-83148.99294840038,301.7634996986927,0.9859741721748719
3020000,-83253.29966274236,299.4370126212686,0.9770743964318689
3021000,-82756.90623391641,304.3020687453043,0.991763041229302
3022000,-83029.51285722392,301.2309257736494,0.9826493792206809
3023000,-83133.09246677067,302.17204605237424,0.980315894999313
3024000,-83300.42534717685,298.60568808039744,0.983646748027683
3025000,-83157.74856348411,297.70890991389905,0.9808852041489846
3026000,-83123.7936722858,301.83685701678974,0.9798742879130207
3027000,-82981.1260555546,305.43753877433033,0.9816425261700704
3028000,-82796.36592037312,307.1799255549149,0.9915042659244238
3029000,-83071.14226959914,300.21320983934453,0.9890646385266199
3030000,-83003.67893989728,298.0053271016769,0.9895483061771816
3031000,-82862.23757720698,301.428058584091,0.9802287570188246
3032000,-83790.24759568379,305.4930351450177,0.9826767465589036
3033000,-83348.7335200056,302.59049234989266,0.9939298994293957
3034000,-83222.51616457285,300.2672316173174,0.9910647336036602
3035000,-83113.67757465475,300.19226457553316,0.9856447313590011
3036000,-82633.6580746682,306.9521648439349,0.9767976066209998
3037000,-82637.92937070178,299.4428705307832,0.980334886042828
3038000,-82840.87592960999,296.61964359585426,0.9908329017133273
3039000,-83009.57511595148,302.1047593191183,0.9772906522073138
3040000,-82682.04974795697,304.60508150971884,0.9769634032699908
3041000,-83033.42245411983,300.42962921076736,0.9835881614987754
3042000,-83138.5414075221,297.7914176039682,0.9799419392786518
3043000,-83243.73595728452,294.1292254751062,0.9917848795223557
3044000,-83603.03361477802,300.78568526388796,0.9896592957274715
3045000,-83485.65996901918,302.7120180613055,0.9893015039987573
3046000,-83071.73174158891,303.2894293410595,0.9823124841702335
3047000,-83566.27511356957,305.08448277797226,0.9877830042794504
3048000,-83087.99630596809,296.694025998083,0.9803703318207186
3049000,-83346.51345681428,298.5795604385751,0.9870427114294129
3050000,-82742.98450346332,298.1189500743854,0.9898603433827177
3051000,-82380.21580437425,299.02276431160004,0.9868165813069851
3052000,-82819.59322519327,299.8164410896299,0.9829504544983523
3053000,-82680.43431761116,299.56931930979573,0.9782524160384506
3054000,-83100.5598523537,304.13641116256696,0.9886344922877065
3055000,-83667.0809880239,301.5223087379747,0.9901115032573423
3056000,-83224.6107207596,298.9120316335548,0.9866962250654167
3057000,-83281.74167282117,297.0968761011074,0.9949350294962496
3058000,-83200.52743008547,297.91088760761824,0.9927199129084736
3059000,-83154.4926477432,295.0904616030361,0.9762561663942041
3060000,-83020.95081857964,298.7342028768732,0.9794312921126626
3061000,-82720.12135840411,297.6402520666392,0.9838477575641065
3062000,-82614.9322901403,300.29879621171,0.9730750931783239
3063000,-83241.16240872594,304.9936831134417,0.986796136689694
3064000,-82962.14532126964,299.98221623487456,0.9823949334019936
3065000,-82679.03751691681,301.5096257917627,0.981871772635564
3066000,-82125.35380601353,301.54850793468955,0.9803140904863963
3067000,-82880.75998920895,305.0159764720313,0.9806081829135844
3068000,-82994.04187697888,299.20704035601256,0.978127096155141
3069000,-82638.55240028288,303.75980469470284,0.9766615258568041
3070000,-83199.74212019931,294.7848690935581,0.9833741675272019
3071000,-83281.00121207465,299.2801147451615,0.9922041420603184
3072000,-82745.93653562275,303.50731653584364,0.982770876902406
3073000,-82990.06374248653,305.908186809857,0.9848719767916325
3074000,-82756.36381109827,299.9531659200675,0.9853966783157618
3075000,-83170.53860087972,298.4319475674486,0.9751844776091034
3076000,-83170.21453878743,299.0717477695261,0.9867306547142526
3077000,-83243.34677992266,300.90637116239225,0.9799135704293873
3078000,-82987.08628822531,298.3406768727227,0.9820165611242072
3079000,-82868.68992379867,301.70568438402415,0.9836300898488569
3080000,-83042.05311774753,299.2681871932329,0.9813830698791056
3081000,-82911.10002362519,298.7323415657635,0.9826205924757456
3082000,-83005.38432108244,296.47533652555313,0.9853715654808746
3083000,-82945.94498316536,297.2038247909537,0.9799573026742627
3084000,-83459.5567332445,302.29007281695243,0.9880960603012118
3085000,-82925.01087287132,295.2283976995463,0.9822166452032425
3086000,-82885.00896440563,302.8275555456254,0.9929410630330119
3087000,-83054.39278309798,296.88420932831207,0.9866850133649521
3088000,-82955.4938909355,300.66881611559654,0.9813568601511368
3089000,-82845.22668740997,300.59826183713966,0.9903512937682555
3090000,-83079.06899023848,293.9416383171643,0.9893422208233628
3091000,-83316.38666462689,298.0829421589955,0.9870940610535444
3092000,-83112.10325455072,296.4442771720498,0.9862185826233594
3093000,-82631.30420809123,299.3684429908608,0.9860605003690215
3094000,-82929.72826981934,305.12097107294153,0.9877610991598811
3095000,-83507.32775023457,299.4259324229314,0.9923893768714598
3096000,-82963.90549566998,298.3623477264861,0.9805465264074898
3097000,-83161.72567340103,299.57167887025884,0.9905509174852916
3098000,-83222.10651835718,300.47388119814707,0.9901680682375134
3099000,-82956.42683506152,297.6342606019168,0.9915488026279872
3100000,-83601.19445023785,298.80857750882603,0.9937246618154513
3101000,-83305.28774357343,293.6724236276406,0.9791255627712052
3102000,-82724.0114077531,301.74431232995505,0.9806699248700824
3103000,-82788.16032730066,306.82776810622204,0.9666608425370841
3104000,-82649.63470556558,302.65746932834395,0.9759002678816625
3105000,-82871.10846724315,299.0748840519408,0.9873949950188585
3106000,-82893.78998699383,299.3321878467605,0.989825261812352
3107000,-83226.88118481077,309.49843556177535,0.9920394631451457
3108000,-82486.14024886675,305.96957516180396,0.982602218617811
3109000,-82917.38798865792,304.3821117405722,0.982168789061559
3110000,-82462.49132255767,300.1917027684428,0.9780070360588687
3111000,-82969.0803515432,296.70545047310213,0.9792607820430707
3112000,-83067.24493083986,295.5659917866614,0.9815833107073442
3113000,-82790.89426143863,300.9011930111157,0.9860352508306442
3114000,-83431.50210592768,301.6177490998607,0.9792624540398911
3115000,-82861.95594108792,299.47600691817917,0.9837017225070152
3116000,-83141.49914319639,295.1395269828733,0.9811767806837071
3117000,-82867.80129945482,297.01563282267415,0.9954377241517367
3118000,-82997.13982304686,303.14202551278356,0.9704733195791514
3119000,-82753.37775298685,297.4583389488283,0.9719446887694702
3120000,-83222.76186528907,307.7363984576099,0.9931503343350142
3121000,-83325.43737678911,302.17499856530173,0.9895226306676176
3122000,-83457.037155569,301.36640141438687,0.9839407551064702
3123000,-83385.82246944052,302.9495309885187,0.978078690333324
3124000,-82739.78720413294,300.81309914295827,0.9896238623065302
3125000,-82764.09280653147,298.1679438501224,0.9880802724518325
3126000,-83425.67827428889,300.504325898528,0.9844649840623451
3127000,-82930.70848332928,290.7195853598957,0.9923883702941335
3128000,-82680.04351453931,303.2688221290966,0.9798757315860814
3129000,-82965.45763505826,300.2222018541271,0.9892013109512297
3130000,-82960.48812905827,301.9130343924196,0.986891223441782
3131000,-83123.65525737364,299.95600908463314,0.9805817710368541
3132000,-82549.54519170354,301.9209082803698,0.9680839468109435
3133000,-82539.63856245874,301.657881875737,0.9723521130773146
3134000,-83049.2041364495,305.6295144463646,0.9741334564795284
3135000,-82637.59065600886,303.35165140251183,0.9818652810416058
3136000,-83527.72891048377,300.37484287646345,0.986087846460606
3137000,-83603.21304761723,298.8761991262975,0.9951473660466653
3138000,-83523.35580999777,299.05485531845306,0.9965480596438203
3139000,-83109.94390129513,301.66911512916886,0.9864056351702901
3140000,-83194.81560171553,302.56653053292644,0.9896895574138486
3141000,-82978.74145273655,304.2319562674694,0.9838708366869372
3142000,-82662.62083996093,304.7450966591832,0.9821734041126681
3143000,-82952.71393660048,302.2528704457983,0.993553651852134
3144000,-83424.78301798902,293.2592285904594,0.9861679439443534
3145000,-82767.03483545041,301.71650083509275,0.9789515700360591
3146000,-83174.06017935846,300.14914314947805,0.9929050791107307
3147000,-83069.95228949067,303.77125120841134,0.9798205171235652
3148000,-82862.48787877726,298.73805068100694,0.9826812907481741
3149000,-83933.88390462432,306.1445543079177,0.9895454414884854
3150000,-83292.98693806835,295.5473148854575,0.9875566180906025
3151000,-83774.26347781823,298.2690455000203,0.9897511723348956
3152000,-82988.91266265453,295.4401313260064,0.9817223477766135
3153000,-83147.71737675939,307.3348048906364,0.9955294257092775
3154000,-82966.74364442541,297.0260966605856,0.979958199765587
3155000,-83128.82880414475,300.7931021959774,0.988485860366032
3156000,-83619.6581671916,306.35717588976945,0.979894242054895
3157000,-82354.66151481157,299.6344202950246,0.9816438470033855
3158000,-82957.30481022631,305.089995213735,0.981776307299015
3159000,-83264.50720472913,307.9100292927723,0.9846464657303874
3160000,-83225.00353441015,300.5212769319513,0.9777500215281444
3161000,-83234.05164907139,307.5180534056517,0.9911715530457998
3162000,-82530.451800632,300.2825263422319,0.9836961845370152
3163000,-83031.5408895876,300.8944339559072,0.9833805342825365
3164000,-82886.1269920487,302.52764688316125,0.980466315643405
3165000,-82827.75111280178,302.1803803581129,0.981706042081526
3166000,-83524.08386347361,304.7979964262749,0.9891368228547911
3167000,-83406.90073269198,301.4006628261311,0.9851688780920453
3168000,-83392.19846548,302.73842889021216,0.9797149412680987
3169000,-82833.91090574214,299.66956015563807,0.9802265934539899
3170000,-83148.35655219684,302.04707761802223,0.982277026018399
3171000,-83106.33513148414,292.21555797900294,0.9861791798547562
3172000,-82769.87098934269,298.70942848632797,0.9759558755917147
3173000,-82723.88531823683,293.05239225739786,0.9885563230740605
3174000,-83433.79642022244,304.9476399331028,0.9878433956511756
3175000,-82958.0080646582,306.36856104295384,0.9813829942578787
3176000,-82893.08915206743,301.11186244016255,0.9736719564024874
3177000,-82811.68599052413,293.8058072240876,0.9715590590417986
3178000,-83109.53122464783,306.42143268187056,0.9858002861384119
3179000,-82785.94469523366,301.0425075101197,0.9746983282350652
3180000,-83108.39686750073,295.30838608530684,0.986100102837623
3181000,-82925.58039801667,299.39161227016416,0.9783152549139126
3182000,-83220.35384423932,296.7981243531912,0.971106834611421
3183000,-82997.65003044967,299.1309440546048,0.9872265143103353
3184000,-82991.41296894901,301.7103667457467,0.9867292119810349
3185000,-83053.25193915173,292.20890228346116,0.9849321058525493
3186000,-83072.44100930524,297.44925716407664,0.9893021528037517
3187000,-82595.76247124869,305.80466709283786,0.9758452437519554
3188000,-82976.57599220698,301.44004030665127,0.9971252058576259
3189000,-83080.04312330647,297.31680100176885,0.9865749605261858
3190000,-83115.26933722297,302.16365662368366,0.9817404375013311
3191000,-83149.53941556829,303.8564767133499,0.9833579539067046
3192000,-83362.74658894981,294.46279203949763,0.9797154440861154
3193000,-83275.03941092192,301.0715157021251,0.9845841090892172
3194000,-83545.91384031717,303.42967090591816,0.9907974481858803
3195000,-82782.66161862592,302.6294578691748,0.9882891742075216
3196000,-83079.20955411525,296.26569290679686,0.9865727777839494
3197000,-83352.38536498393,292.26396395346154,0.9856236585808322
3198000,-83469.24328349705,301.44564594345076,0.9901502019786341
3199000,-83295.59664667491,302.0299593039907,0.9830543306456303
3200000,-83148.18993344775,293.7485109921166,0.9806476231396194
3201000,-82620.93951907346,301.718089186742,0.981118395650804
3202000,-83159.25698253734,299.0594874501183,0.9816052059456504
3203000,-83036.682207203,305.8996135140213,0.9911603464216809
3204000,-82992.88562530279,298.91644627480014,0.9888393741883158
3205000,-82770.6743193848,303.24687515856624,0.9803542192751388
3206000,-83078.88063782733,297.77321259907797,0.9778355695421685
3207000,-82870.22465649131,300.7731070895302,0.9767865011616813
3208000,-83518.08334817464,303.6692657127125,0.9903688262876494
3209000,-82795.22845254233,303.11771811948904,0.9835967051710902
3210000,-82586.96434930334,301.52153198173465,0.9848088199400237
3211000,-82959.64224198018,305.27198990237525,0.9749334591738101
3212000,-82851.29178220656,295.971087271867,0.9813643968078216
3213000,-83220.39332116849,298.4161732898503,0.9833681794278037
3214000,-82967.1353869951,293.8590761414841,0.9829636413856979
3215000,-82902.16889429156,304.3248936474847,0.9830751745898269
3216000,-82930.06796139653,300.28509519245983,0.980177937820029
3217000,-83050.59391868941,299.47968379317797,0.9759179126897858
3218000,-83611.61962407298,301.1655576530717,0.9895838509234719
3219000,-82695.99939925736,297.13003656068497,0.9851406470521175
3220000,-83001.91710098705,293.2996436160213,0.9836765127006681
3221000,-83125.53007258178,299.46717937194524,0.984656363158647
3222000,-83063.2280758688,307.1473186818694,0.9843846218510175
3223000,-83475.1423077748,292.60808909662717,0.9832092425421439
3224000,-83246.46013360051,296.3329304221867,0.9960557321704708
3225000,-83437.06124078552,300.9619308581134,0.9986018567031651
3226000,-83523.40998829558,302.0666813490642,0.9957718693816912
3227000,-83049.61874106288,297.90815410467167,0.9836645367891617
3228000,-83470.1689267924,306.694305931523,0.9778347787578793
3229000,-83199.80034540343,299.02497451295176,0.9737860261249984
3230000,-83011.29387076042,298.10715391068663,0.9868337729930121
3231000,-83143.3110919426,298.05272506143325,0.9818885817502666
3232000,-83649.28990576434,306.5947545626054,0.9823997064454402
3233000,-83562.12746521854,291.6650532723002,0.9955282179017151
3234000,-83434.58010083938,304.9878586535003,0.992971723075531
3235000,-83153.603732488,303.0898656735822,0.9810765064851051
3236000,-82850.56374768593,306.6244393266799,0.9717051366926838
3237000,-83213.23164714535,305.0140842046475,0.98500474548213
3238000,-83597.81500782282,306.307820532158,0.9925632345914531
3239000,-83668.48492977367,300.8012247576373,1.0008724537122404
3240000,-82919.26529763738,299.2231120321512,0.988924856337086
3241000,-82763.4171355649,304.60499706703774,0.9810868261668269
3242000,-83323.47274363361,297.45213666590166,0.9936311559462947
3243000,-82839.01365846046,304.5446455737756,0.981304799518204
3244000,-82824.85202860559,296.9844592380041,0.9784940389127519
3245000,-83133.1427733925,299.22990680138736,0.9854813953718714
3246000,-83267.10812261177,302.94938691762735,0.9884409922637433
3247000,-83238.19881043246,298.9499553715897,0.9824061460329335
3248000,-83097.32874305418,297.71255596654976,0.9786681984805402
3249000,-83345.1798567929,301.16764804074205,0.9931350306510867
3250000,-83481.66939072066,294.8413081642773,0.9823598233271535
3251000,-83055.16605207301,301.787882144615,0.9898549049752444
3252000,-83011.28058668622,302.14750616025344,0.9726461551742579
3253000,-83036.37672943989,300.9678374113232,0.9821062942503122
3254000,-82794.74079480738,301.8527432638039,0.9872482492142742
3255000,-82512.70096391573,300.99530059631917,0.9925283444005214
3256000,-83198.50353079033,294.9181034557827,0.9850455130776533
3257000,-83012.64916396135,299.4249039640319,0.9789111260086325
3258000,-82975.11756584974,303.9554614153615,0.9846921518843249
3259000,-83136.84404000762,303.70416580117273,0.9740484679581147
3260000,-82945.79957644921,292.6356363977148,0.9859249273372523
3261000,-83311.71883757954,306.0571681885308,0.9936868723350734
3262000,-83088.8035630415,300.9742666749763,0.9809209905859962
3263000,-82489.97532652848,291.44801907354173,0.9789014733270044
3264000,-83109.39487720327,301.3674376861932,0.987051203215186
3265000,-83259.91636598238,305.35702976250013,0.9841961663773733
3266000,-83200.54468790861,301.76132272729365,0.9933685072986135
3267000,-82936.21550408949,298.88749602750227,0.9838977939102135
3268000,-82793.42623909155,297.6040022548633,0.977840759363857
3269000,-83395.33937611518,303.34331697744915,0.9854455728697965
3270000,-83039.30406318163,295.56719525642694,0.9894534786915123
3271000,-83245.32726919849,304.2571681052642,0.9791863768638207
3272000,-83180.53054501972,292.53730625820197,0.9834934436187489
3273000,-83035.686696527,296.6452880277751,0.9880442021344193
3274000,-82928.70429915539,298.97882382202073,0.9776831609669251
3275000,-82943.46928127116,302.01632479853794,0.9880486624290608
3276000,-83159.91452318919,297.85159832205755,0.980568960966336
3277000,-83182.54546615714,297.23011136278984,0.9930460528892856
3278000,-83132.69113848452,297.7017431475415,0.9817326806717763
3279000,-83067.25396726606,303.91766014920813,0.9816468556392914
3280000,-83120.86747977929,301.4241042839915,0.9811160865121797
3281000,-83158.28786302719,300.293457503444,0.9795010718925706
3282000,-82719.15857277618,297.86513510404177,0.9857821143750105
3283000,-83134.00967517769,301.3441985413924,0.9825878922081154
3284000,-83033.36915054457,294.7122595922309,0.986167394808167
3285000,-82911.40708564012,299.8457885453092,0.9812932674879639
3286000,-82981.74945800757,301.6339973693929,0.9900113032262109
3287000,-83160.52559348266,296.91389746301013,0.9808090825288928
3288000,-82823.78492995893,299.87531090586083,0.9773102000752232
3289000,-83136.32231478713,303.982733325603,0.9818274275345463
3290000,-83224.80204959656,300.9236512286681,0.9819995465121388
3291000,-83275.25668176613,295.4568578335908,0.9792016031537991
3292000,-83029.21732910565,300.6493977026034,0.9953844077257288
3293000,-83108.06757761736,301.5713069238903,0.9862003847002189
3294000,-83049.98088326276,297.4972196739523,0.9825394199098765
3295000,-82846.24166665738,304.34539036124943,0.9781117529860479
3296000,-82803.20253357163,298.055822634562,0.9892314579389685
3297000,-82975.57112816937,298.8939760953169,0.978164731963713
3298000,-83050.34953232511,296.0684195764807,0.9857058298756918
3299000,-83068.63811822771,304.04994334666094,0.9859292393152147
3300000,-83041.94168497075,302.67692492374545,0.9816584728758798
3301000,-82383.5221128611,295.10434087648457,0.982816128552983
3302000,-82822.95791144337,298.79851167221454,0.9789647577602559
3303000,-82185.5302813081,303.60304081424107,0.9792704941496767
3304000,-83218.69264598127,302.5450455469638,0.9770195116778221
3305000,-83193.76522120129,301.68644800601624,0.9778092940145396
3306000,-82882.96154686634,294.1313486686248,0.974907450531965
3307000,-82978.01175950374,301.20210945316217,0.9914954187396945
3308000,-82957.73008477554,299.8420145256445,0.9799602102439027
3309000,-83145.11886693683,294.2346421993699,0.9789408007910445
3310000,-82814.71341893577,299.5985196145441,0.9826988931432747
3311000,-82653.63820731145,303.68214022920046,0.9835267039311751
3312000,-82893.59638695279,306.3316467233196,0.9893966226837356
3313000,-83015.21204868733,303.77912551743873,0.9962554374875924
3314000,-82965.86956747144,296.9964156451393,0.981762295032732
3315000,-83238.88999531808,298.73969197640884,0.996378242168182
3316000,-83184.33730473684,299.9426478208118,0.9784594005459119
3317000,-83379.15629216266,304.06814352254634,0.9839139744284279
3318000,-83397.30804315628,301.76966804645696,0.9811440127996807
3319000,-83018.07896850235,304.69179559791667,0.9769351719032945
3320000,-82701.15685198351,302.7815024468148,0.9770009649393769
3321000,-83134.79333568283,297.50880589241405,0.9759536431472653
3322000,-83195.59844832757,304.94391283083263,0.9844716035802348
3323000,-83341.9000126684,303.77746181992353,0.9864409414424952
3324000,-83216.7883700179,291.12576674074234,0.9898792216726349
3325000,-83023.78703667864,301.527264298998,0.983660399194486
3326000,-83599.48792572023,302.6063051312504,0.9788248716345211
3327000,-83460.2144195112,301.34841296840494,0.9928763785468695
3328000,-82662.74644062074,294.93536251449103,1.003011816752252
3329000,-83066.58277571347,303.49767310490785,0.9930900226931129
3330000,-82787.75085218443,305.6055909866895,0.9761200638329769
3331000,-83029.93475565081,298.114990569218,0.9960595998803976
3332000,-83044.0683521658,297.37420314317166,0.9818892576070128
3333000,-83226.51461753069,302.1306188001391,0.9824025860263935
3334000,-83160.08737913158,295.569351566928,0.9877349911535389
3335000,-82953.16243234737,299.97867016669,0.9807434744038698
3336000,-83488.06441991677,301.55718172783116,0.9841931116363984
3337000,-82922.57896726654,295.7008589623084,0.9861901117424199
3338000,-82878.449743993,296.9510259410563,0.979645103480195
3339000,-83658.09515928954,298.5619249190367,0.9854204955536159
3340000,-83194.36046881037,300.8756691509315,0.980872247938444
3341000,-83093.36807398655,304.8904348062369,0.9786310127506166
3342000,-83112.71229677385,299.11395178793254,0.9768954511002172
3343000,-83236.66866207187,300.556351835872,0.9839493167630462
3344000,-83148.18127396237,297.944622980651,0.9864836483016362
3345000,-83161.37037746242,294.84806183857546,0.9944720720070717
3346000,-82988.33844765235,296.08637391411213,0.9860217599015177
3347000,-83113.14106562873,301.57998467646314,0.9916481656783162
3348000,-82493.49969446717,299.3618404836825,0.9758738021595242
3349000,-82713.09408171731,301.5854413783038,0.97706417351998
3350000,-82748.80704045546,301.55628546325033,0.9902280430069323
3351000,-82574.60053337197,304.1527961136927,0.9743791806466595
3352000,-82836.74688419572,296.18993338578036,0.9916181744542313
3353000,-83719.46882102272,305.69837367522433,0.9816421075634391
3354000,-82922.47742483387,299.3626419696378,0.9983456018676398
3355000,-82811.46351401793,296.70003855107257,0.997606534649219
3356000,-82522.11080235417,295.2877853543036,0.9771331166936547
3357000,-82769.07951334916,299.6769402800467,0.9792910020082487
3358000,-83171.13572578871,293.86033640917924,0.9915428226920904
3359000,-83082.11861535074,296.16868531681445,0.9923452210445416
3360000,-83349.83340032946,297.888905874547,0.9913869657545553
3361000,-83126.20874110161,301.3818356653496,0.9807351307680453
3362000,-83135.72947641375,304.7944821667089,0.9831395782410183
3363000,-83037.30478319048,300.0890344668142,0.9924065943151088
3364000,-82060.31130901456,300.6312615470203,0.9684001643172108
3365000,-82981.88960298692,307.6682714292307,0.9829173005462395
3366000,-83006.97151309351,295.6611278040587,0.9827993032236791
3367000,-83707.48440720944,303.779260302116,0.9886607987019775
3368000,-82953.852239826,294.769396099208,0.983211097511688
3369000,-83466.09629491082,299.6846240111993,0.9775436142145323
3370000,-83608.19892066595,293.98129922982224,0.9742308210798166
3371000,-83160.3852157772,300.23344468225827,0.982552908732937
3372000,-83241.17734293739,300.006320731118,0.9794033872599245
3373000,-83158.588475923,303.051514356079,0.9900267868885239
3374000,-83179.73588540667,300.84668738029296,0.9854950045927263
3375000,-82823.66846724635,295.4101414703038,0.9802612837266202
3376000,-83840.80977347738,300.5504451507113,0.9875363871884979
3377000,-83382.56561915542,300.17765599193433,0.972634886979717
3378000,-83578.66364719364,301.66219171206694,0.9847822185430696
3379000,-83195.90122108842,304.0722949728506,0.9830844407848457
3380000,-83376.8509755322,297.669770033648,0.9813883629235644
3381000,-83582.18136203324,301.82443514229755,0.9919571637775546
3382000,-82995.82029663812,296.17508095848166,0.9795582839438282
3383000,-82663.55176333594,303.93414489139377,0.9795669523177909
3384000,-83541.850531906,306.26704438619794,0.9801131350965953
3385000,-82824.64137288783,310.4413933908907,0.9845099555175545
3386000,-83418.03384257504,298.876436636058,0.9894427241464543
3387000,-83029.76318386424,297.93823874124723,0.9839439929789868
3388000,-82762.33900108322,298.0020844342221,0.9879854497016861
3389000,-82937.02743145538,300.618472060271,0.9925552375644825
3390000,-83162.09294957086,299.75862365716637,0.9937218319080107
3391000,-83204.83883169666,307.7796637309618,0.9809508200234689
3392000,-83161.44308796234,300.13410317109634,0.9744073941581837
3393000,-83124.96417935373,295.08191004974765,0.9943412423044606
3394000,-83334.93745221663,300.0641822676683,0.9840949149903175
3395000,-83241.04251920898,293.37950116629986,0.9784156482677446
3396000,-83100.53105287766,297.7069920978736,0.9778709694762435
3397000,-83531.54471172648,297.98058567318174,0.9816398578959363
3398000,-83004.4270673942,296.1223214039969,0.9797110969385445
3399000,-83110.97100914095,294.5903702930837,0.9815091652823903
3400000,-83124.89059793111,299.1200317934594,0.982186571215379
3401000,-83801.57054281875,300.77401034645817,0.9939381878685604
3402000,-83816.7647928063,297.6426054211004,0.9875328039603956
3403000,-83175.33246198785,300.48569952935117,0.9829196636270473
3404000,-83287.69357036642,295.46565907674676,0.9863291221310133
3405000,-83201.41609803209,300.8952425044538,0.9876897235211761
3406000,-83061.10167018248,296.14454918495215,0.9842556386696352
3407000,-83463.9886327369,297.0999575603222,0.9826126667621975
3408000,-82758.86736771575,298.24825292712444,0.9833841030868835
3409000,-83106.88847705978,301.23113702266255,0.9817177492006293
3410000,-83610.01053943869,297.87641504985066,0.9966481090489607
3411000,-83596.82088680496,300.1354977544366,0.9933987208671843
3412000,-83083.764772447,302.2472913234299,0.9890605739229027
3413000,-83299.01302126079,295.99007305843196,0.9828218329588989
3414000,-82889.31555856846,301.81393248577785,0.9870081180144399
3415000,-83225.24594459479,297.6665546602179,0.9897128680678623
3416000,-83683.58653552533,300.60252843899957,1.0029005641644613
3417000,-83247.41463470913,302.8007019716092,0.9856942309753409
3418000,-83271.82210335432,305.0586131623628,0.9797120292735018
3419000,-83073.29113239894,299.45549210953806,0.9876301441283397
3420000,-82936.70081379043,301.0579048383487,0.9912388942066347
3421000,-82972.32521489571,301.49504722234485,0.9829462680612995
3422000,-83062.42901760014,305.44848352902244,0.9799010335907659
3423000,-82740.198856404,305.52693425209657,0.9819491993850575
3424000,-82935.97226158954,303.7973145442157,0.9872273492655643
3425000,-83087.23618014879,299.3302984130106,0.9931266720134777
3426000,-83354.72344709764,309.16631593422204,0.9800456753505191
3427000,-82705.91929536872,306.65960042623095,0.9703703039430913
3428000,-83076.15326280607,302.20487832108995,0.9757769124818859
3429000,-83390.31312377565,297.6741378473441,0.9776232697726099
3430000,-83570.2504728646,300.3570078779159,0.9889579057889412
3431000,-83450.55814906233,302.6897503626661,0.9863627464153139
3432000,-82913.98334466742,296.8612587471799,0.971177095896073
3433000,-83209.50440970191,305.57975765301217,0.9876837830440468
3434000,-83130.2050287638,294.65970375151596,0.9786789834408618
3435000,-83001.30640656507,298.79871146657797,0.9833123210630598
3436000,-83051.25895030849,302.2312753088785,0.9784997365463602
3437000,-83649.28515756282,295.0543360794014,0.9887755639842696
3438000,-82775.54016405158,300.5433425590703,0.9775771846309536
3439000,-83286.63018331537,303.46752969075834,0.9837038381637352
3440000,-83112.11478685995,298.183884625774,0.9813582087991642
3441000,-82725.54649535421,295.63702896081463,0.9811644344063465
3442000,-82778.3510139286,287.52230911140214,0.9823766613178602
3443000,-83180.60924359213,300.0476757743039,0.9813589230059179
3444000,-83259.17667571234,302.3372861838507,0.9804582146476465
3445000,-83050.74625921226,301.07964617342435,0.9819938316925119
3446000,-83257.40413744265,299.4494206001625,0.9751279703742239
3447000,-82891.89549150615,298.2364574438546,0.987248075859072
3448000,-83207.56179781642,300.20941291898964,0.9846870390068787
3449000,-82672.83665915934,300.84809321540337,0.9681158106462819
3450000,-83234.64651690965,297.55260251839707,0.9927020723581549
3451000,-82963.85805675783,299.47634478989994,0.993694853696927
3452000,-83308.51202948665,304.5186895400594,0.9872001485108204
3453000,-82646.76666868263,299.96872080621824,0.9785926608410485
3454000,-83036.73302110238,301.20979990409273,0.980420453960144
3455000,-83116.93503025151,294.42923243614297,0.9832191875850775
3456000,-82937.82921980397,294.89813294198206,0.9905306058864787
3457000,-82624.6745859742,301.078488964444,0.9796000567124061
3458000,-83027.87229750463,299.33765695204966,0.9870866676005571
3459000,-83313.69230512442,294.2162892676131,0.9774419997925407
3460000,-82711.05491185159,309.9323311049913,0.9854085022307507
3461000,-82870.00489204074,298.3178492779299,0.9898114153379955
3462000,-83058.60980454425,300.7133571927677,0.9891428548800575
3463000,-82795.15691324003,297.3016556931477,0.9789574124584526
3464000,-83267.15391565801,303.59931641378836,0.9839346456934336
3465000,-82861.2676327136,301.58944804110024,0.9866897634413657
3466000,-82973.60684763157,302.58549120817264,0.9781252457053407
3467000,-82715.82589591242,303.89660182557236,0.9750857124715906
3468000,-82905.22293415514,302.3034736187861,0.9890802636056774
3469000,-82970.95861067768,302.4230289101496,0.9738773803556339
3470000,-83251.75674827694,294.7986587397015,0.9764352176767679
3471000,-82826.18753437651,301.07454055009674,0.9744436599663813
3472000,-83552.42804963933,306.4310777225504,0.9760708538625678
3473000,-83135.47613783198,298.6944154054843,0.983437431616195
3474000,-83144.5479862573,297.8834274582988,0.9759380753689243
3475000,-83163.65551710268,302.77360186578915,0.9862023500470098
3476000,-83031.2022348548,304.8942768222572,0.9820974520247916
3477000,-83034.35741196218,297.92006893100086,0.9838501277318165
3478000,-82712.25655156153,307.5153818921661,0.9814593342555653
3479000,-83208.0762502455,301.70890091344603,0.9899479968888195
3480000,-82885.40962386434,299.5493700571018,0.983857839425654
3481000,-82988.95272216253,299.67309110073876,0.9863474875853554
3482000,-83615.02371585264,299.58828936415,0.990448688023931
3483000,-83404.85859401972,295.7655621068142,0.9738142445488142
3484000,-82737.5698666076,293.2592048186169,0.993724597739612
3485000,-83038.11191952653,304.1189224553926,0.9781410286250362
3486000,-82615.51792537188,299.5344572757286,0.996901330085791
3487000,-83045.40881051798,300.203801265817,0.9797784077842984
3488000,-83003.12220157956,296.2966030322624,0.9821899293167309
3489000,-83455.30477338191,308.48214141406805,0.9862761367428732
3490000,-82622.52628520114,299.445550337703,0.9863235975554281
3491000,-82580.00767044048,302.91120823344,0.9767618324053581
3492000,-83006.557204868,309.26429197570525,0.9790876780556176
3493000,-82955.84945255867,299.434283144011,0.9841196441224304
3494000,-83099.89219279413,299.8391441286129,0.9822049691637303
3495000,-83112.8633679343,295.67944640394677,0.9893536147021843
3496000,-82715.67416376434,301.08763169130145,0.9901564206589214
3497000,-83184.81730787741,305.87159849210605,0.9917150336957873
3498000,-82632.11602969834,299.39300436751034,0.9868459468818516
3499000,-83183.08191078797,293.69645250710863,0.9861536550960861
3500000,-83151.72999980004,294.2832890238958,0.9879913978835385
3501000,-82722.65870179294,293.3369665354959,0.9835037896459532
3502000,-83058.51101396466,305.8016972119782,0.9787287946112883
3503000,-82889.06606425502,303.1754802969132,0.979124295998439
3504000,-82487.19450265408,301.88041058299353,0.9834424732316988
3505000,-83006.11048366223,301.0301401927252,0.9810094225968277
3506000,-83408.09223185544,306.039658286583,0.9868048775196894
3507000,-83061.450790554,305.2516312829452,0.973777830982576
3508000,-83149.88686750195,298.06282418180433,0.9804427107516877
3509000,-83320.79336579435,297.7897707669068,0.9890242832662436
3510000,-83185.62325163401,299.62026084569663,0.9895682407259359
3511000,-83264.89682014618,298.1017163669514,0.9920339124771964
3512000,-82996.08486724686,299.1336923722369,0.9849679723670594
3513000,-83001.29162235826,301.38184588085534,0.9821145546850407
3514000,-82792.32788948063,295.80046294507014,0.9848276189963701
3515000,-83025.31563495885,290.70672555387654,0.9865393663334026
3516000,-83221.18251291348,293.73556738282787,0.9810079719821155
3517000,-83426.3006800919,299.42839699956824,0.9826743062625473
3518000,-82686.22236414556,293.2939743887581,0.9727009426635183
3519000,-83402.19023255119,292.11114372281634,0.9831913267002649
3520000,-83308.17002339015,296.3536462045719,0.9861515114757387
3521000,-83086.31749291689,298.3892619876056,0.9781272131502429
3522000,-82948.79628582654,299.3991604715022,0.9760112076772897
3523000,-83505.88560552266,297.206103672487,0.9836003358507472
3524000,-83153.20207763702,296.1682587629786,0.9828364111618916
3525000,-82760.4496110233,306.05598867331804,0.9857652555574701
3526000,-82471.4356076229,295.90314075800626,0.9726918103856443
3527000,-83373.94397505297,300.9161883876674,0.990957749269674
3528000,-82958.57650067861,296.5481120573176,0.9841905189853645
3529000,-82945.12349827052,297.583989844967,0.9882286851089496
3530000,-82863.36633211945,307.69577587673865,0.9755004621480147
3531000,-82592.72326203872,300.7629000788335,0.9757110232879247
3532000,-82994.98606785783,302.4146792448965,0.985269258288569
3533000,-83885.79610524629,299.97047736757565,0.9988280485468717
3534000,-83519.83500124642,296.45013987069996,0.9842495339629558
3535000,-83496.08537050948,297.8631821859203,0.9934541011156376
3536000,-83283.87690854562,310.33815742601024,0.9848826853241187
3537000,-82529.23120082798,304.8091095391687,0.9702800458517316
3538000,-83120.07662666979,299.55033611247575,0.9921253558291983
3539000,-83297.6790387659,306.7157165514163,0.9828228734954244
3540000,-83468.16845829552,296.7981480844385,0.9945225994943332
3541000,-83361.368177281,302.6424072302987,0.9833037809570855
3542000,-83009.09369427373,302.64259774251184,0.9918789352018459
3543000,-83200.57853653101,299.3087830079841,0.9798300200806077
3544000,-83035.56987002474,295.7466698304022,0.9899733790155077
3545000,-83384.13229404087,298.35132779540754,0.9893037864068959
3546000,-83052.23283269728,299.4012748868242,0.9886019338066587
3547000,-83179.62730458647,297.6834296127709,0.9851147041410434
3548000,-83208.03867867857,300.68023583590974,0.9905466896499995
3549000,-83298.35314307228,296.00845546534435,0.9894693964435576
3550000,-83324.27099557332,292.2589641328927,0.9877568381663888
3551000,-83340.87327682454,301.81889165688045,0.9872237415490337
3552000,-83052.69735168753,301.9793852660567,0.9947976632697967
3553000,-82948.20796558197,292.95357138315984,0.9869525589066822
3554000,-83070.62900174753,297.3128354003829,0.9862083296176947
3555000,-83108.84540694853,299.3331706263172,0.9839837318668744
3556000,-82959.67057123088,297.07856239500416,0.9719858340390845
3557000,-82752.36654707068,299.64291059152595,0.9796816379149098
3558000,-82611.64084083372,301.61873555582395,0.9785654376412071
3559000,-83527.06229155819,301.7643554643881,0.9895951752935727
3560000,-83031.82673063478,303.1246447215402,0.9880016733719474
3561000,-83137.53554852313,298.4598533122479,0.9829794357049493
3562000,-82632.16057863215,299.7413932523301,0.9783351226627605
3563000,-82859.65751496021,301.8387167901877,0.9805732508928261
3564000,-82717.4085684059,302.6856729927916,0.9735053963189486
3565000,-83080.43023207528,306.17824896176444,0.9810022870107432
3566000,-83157.45186089177,305.0363229792792,0.9759402254688938
3567000,-83105.96958370524,304.2053817298296,0.9833455191217984
3568000,-82809.61321650445,297.4726768252138,0.9824118209499489
3569000,-82808.42947426735,298.3860737204293,0.9871520350321025
3570000,-83330.98911558033,303.1310537904683,0.9840888477493142
3571000,-83156.97932773468,298.55725813864615,0.9833791061205813
3572000,-83343.61078948755,302.11131536226674,0.9709569712084364
3573000,-83067.9015825559,299.2795501985658,0.9757622829873988
3574000,-83320.03088553163,298.52082019994805,0.9820973638022409
3575000,-82983.52978253312,298.84456604344706,0.9709191730072615
3576000,-83566.93366409268,298.32046686031697,0.9943707107390514
3577000,-83195.73058850295,301.63119766812787,1.0018627184378868
3578000,-83181.9033534684,300.9804467811006,0.9860653458798052
3579000,-83183.8425659996,298.75080584369204,0.9824274123684825
3580000,-82851.87400716537,301.483262189425,0.9831888146972695
3581000,-83227.22601216857,299.047771857572,0.9867125782997188
3582000,-83060.58046600962,297.00751822905283,0.980004802844719
3583000,-82847.01222919778,295.2955423045035,0.989727495358689
3584000,-83134.9242726246,301.2982162933256,0.9745300620479697
3585000,-83428.90842609189,293.7898464057348,0.9830678153403756
3586000,-83246.43811162823,300.64507164827916,0.9765315925341763
3587000,-82776.04684077774,300.6210505244166,0.9800251699127099
3588000,-83122.25261892227,302.04157542543095,0.9688344294888626
3589000,-83003.89278627955,298.0293644194684,0.9716185073561425
3590000,-82953.10158671736,299.81287867162973,0.9850089982718353
3591000,-83356.32239396794,297.7591287397473,0.9933438735879857
3592000,-83198.34128157824,299.9284234283647,0.988085265347059
3593000,-82962.52678873442,306.8884365802837,0.9815350230764273
3594000,-83626.39794249838,301.23001163492506,0.9816212369124133
3595000,-83225.00292701612,300.8963531486619,0.9860486506655374
3596000,-83140.2587415353,305.233887947119,0.9854083514911598
3597000,-82982.47144796408,305.1830589943502,0.9812239230314155
3598000,-82648.45841812255,297.7376141611532,0.9778073772038696
3599000,-82610.34595930087,300.3265995588182,0.9737887424871423
3600000,-83443.62442040484,303.2517989447925,0.98660554550712
3601000,-83344.62995261996,298.2291146314433,0.9818855647256184
3602000,-83223.32048092631,310.3914228532049,0.9896146484114315
3603000,-82715.82867471,302.7151109115529,0.9835961262989628
3604000,-83319.93121948442,301.97368041601067,0.9849928708934498
3605000,-83321.11530107481,297.71968728183697,0.9841164555560219
3606000,-82928.32338200166,295.4705900248086,0.979231725805682
3607000,-83143.4265318659,299.1354838966239,0.9917328622195164
3608000,-83282.03616596793,295.45173165596384,0.9820190823509435
3609000,-83010.12651014299,295.40363391873035,0.9748754209310287
3610000,-83015.77878497401,302.6631860190126,0.984097170829994
3611000,-83164.83753067028,295.2692903676113,0.9854332425137877
3612000,-83349.27253461286,305.59388524318865,0.9893464451893442
3613000,-83396.43910875125,301.8403874734935,0.9884450033085606
3614000,-83341.5232502431,299.0180531885867,0.9868207326703079
3615000,-83314.31487760856,300.10390998881707,0.9905658952009182
3616000,-82656.99699061975,298.72217374698533,0.9870064950635822
3617000,-83235.60112024052,297.89555376420003,0.9909361254392428
3618000,-83584.08831131237,298.1613923490429,0.9947015474814306
3619000,-83061.60226602049,294.92562992528,0.9852017439806947
3620000,-83309.06859014742,297.6846470898087,0.990966699288599
3621000,-83097.5984928176,297.95233900817914,0.9713104324042653
3622000,-83076.00948585063,297.66735176465437,0.9896411007983531
3623000,-83164.6778797378,301.4187597858374,0.9845669220312938
3624000,-82922.04577797512,296.78261506938276,0.9774857227007869
3625000,-83100.24504519178,304.65649568714343,0.999665763851097
3626000,-83237.21576904022,302.38708733366497,0.9912424709607686
3627000,-82961.72537375643,300.8385543893318,0.9805807966390746
3628000,-83836.42496204813,305.4961181534821,0.9866402717082745
3629000,-83156.87257596,298.7839485207384,0.9789731522659204
3630000,-82683.9514869941,303.1186995285502,0.9781578212940492
3631000,-83092.28166937229,302.4965880085719,0.9916173551637374
3632000,-83138.34310909745,301.85723666161283,0.9741939883122065
3633000,-82944.54196524085,294.42241697052276,0.9903325577010493
3634000,-83034.92288499424,302.2648680440221,0.9763459286380799
3635000,-83126.49501954892,300.5113232827638,0.9744126841910296
3636000,-83356.05361303629,307.2257525750428,0.9820085768315336
3637000,-83531.15517075016,301.5899012940168,0.9796616450405796
3638000,-83184.84709163208,296.8565203808731,0.9807627846768127
3639000,-83117.74007739068,299.6533023627406,0.982487715818588
3640000,-83408.27526007191,299.84800982727205,0.9817412051799765
3641000,-83244.36316197301,300.0459740928381,0.9870187795151437
3642000,-83583.02160967188,303.3574395271793,0.986818893693746
3643000,-83271.83258652454,300.3230140792585,0.9881712412580373
3644000,-83029.32874420332,298.74813588626796,0.9831854679810722
3645000,-82568.05145695695,294.971781122866,0.9777030725330167
3646000,-82757.33059963724,300.1400016584012,0.9828528920018295
3647000,-83277.1891262061,298.080707393629,0.9928223866414194
3648000,-82711.71912032779,299.02076436180624,0.9741434871895858
3649000,-82695.09814640565,302.9350479119026,0.9830212619519411
3650000,-82707.36374391994,306.2913425443974,0.9908926959089865
3651000,-83089.30519490363,300.2724495207334,0.9904168164731514
3652000,-83700.12770776427,295.93868345215566,0.994519069465665
3653000,-83153.33531281346,291.671307211429,0.9894686956808301
3654000,-83154.44524010457,304.6122942544497,0.983762218960591
3655000,-82967.68378535233,302.0676030073621,0.9896764230195962
3656000,-83083.15486772446,302.21206231232793,0.9906390285084277
3657000,-82909.33685281884,293.7751830879917,0.9885475020426556
3658000,-83623.7696168556,298.8454077518448,0.9882818048701686
3659000,-83134.93777168676,300.09061015160177,0.9880236676646514
3660000,-82712.65645220142,294.9832404514367,0.9841921699193561
3661000,-82770.73815428023,300.9572084097471,0.9918709337278474
3662000,-82995.44704570266,301.626300050295,0.9886843910848668
3663000,-83140.33578232292,296.29478060581704,0.9878063539552735
3664000,-83285.30956902797,299.082259343151,0.981421197856491
3665000,-83326.31220768543,300.8968450153162,0.9851254923833668
3666000,-83061.27343042311,303.8557844083741,0.975000681602716
3667000,-83178.1310996068,305.8897643267742,0.9785640684756015
3668000,-82997.53814605379,297.82603115249,0.9922898218698372
3669000,-83519.24772448809,302.1918775800797,0.9885182040195973
3670000,-83456.25591815443,304.3576135221681,0.9864660288902604
3671000,-83036.45158978098,298.92071042990887,0.9850625384595658
3672000,-83311.30989644374,297.3637799352428,0.9803364893657289
3673000,-83097.72491348092,304.509693886148,0.9856569026906816
3674000,-83397.57340763893,299.9317476283987,0.9779248147798688
3675000,-83082.25598911935,308.2735250144208,0.9822433334375911
3676000,-83784.25024024694,304.7012664411848,0.9973688884471766
3677000,-82982.14465044544,304.46251155019576,0.9881082298017592
3678000,-82694.03827384097,302.426757069174,0.9815542382058727
3679000,-82789.73726788576,298.1186521808903,0.9853369148451011
3680000,-83196.21776100149,301.0034064421478,0.9743009430844449
3681000,-82881.08045942831,299.6637951754807,0.9739814314859263
3682000,-83422.01941193116,298.33561220438116,0.9904141198995636
3683000,-83503.64644040854,299.32193832926583,0.992890748514865
3684000,-82770.43439159053,302.41341902391275,0.9774444019578686
3685000,-83185.8434124217,301.7711709353268,0.986951270472535
3686000,-83753.4590426535,298.9577853293465,0.983021500997761
3687000,-82849.52568276227,298.664001457363,0.9874461005497168
3688000,-83389.14039420051,295.87070955282377,0.9882913420180269
3689000,-83460.2794951477,298.76712759374874,0.9882951363889274
3690000,-83175.4049800082,302.8450251768315,0.9757231655678487
3691000,-83323.46024021396,296.17640523903526,0.9894411289398999
3692000,-83291.73523409554,301.97184017543907,0.9775863144032482
3693000,-82753.7806411148,290.07046322943586,0.9805450315939408
3694000,-82850.18215544388,296.7280135633352,0.9856568240491078
3695000,-83246.9861679931,292.67680918386486,0.9760893542731306
3696000,-83485.32158606593,299.94753858761146,0.9866311411584185
3697000,-83363.66523716686,300.47718933172143,0.9808765868581998
3698000,-83245.66058272327,300.72333025907847,0.9904704649151728
3699000,-83113.6005349257,297.03823519639764,0.9870293287417103
3700000,-83477.68759762496,304.8114835979139,0.9872995927181827
3701000,-82997.68230303953,298.71602140114277,0.9912080378113672
3702000,-82674.51015793806,299.0087110697682,0.9878884321391399
3703000,-82964.83879673353,298.7676897721439,0.9830041297501955
3704000,-83321.7126223183,299.54508453135224,0.9829221356879951
3705000,-82859.45440130576,300.4028612598609,0.9825631124578516
3706000,-83217.82927144878,302.3060009289382,0.9794355202857895
3707000,-83089.57029619667,301.617091400338,0.9733972501962807
3708000,-82812.2094620681,304.6021994871715,0.9849722111241404
3709000,-82783.79242127371,303.33737242775044,0.989391231559957
3710000,-83064.89482896536,307.1534335897118,0.9841870405857795
3711000,-83208.6632571398,305.9545567227908,0.9854395767513755
3712000,-83351.03267348045,297.77523656664033,0.9806866760348328
3713000,-83494.66280913819,304.43273254918194,0.9803095778658805
3714000,-83013.92929937312,303.76882694432874,0.9888604525781336
3715000,-83004.82267857838,299.15283990746764,0.9855778447132537
3716000,-83461.92332487559,301.11679828197435,0.9897378023345406
3717000,-83395.61228903872,304.8933912748669,0.9842257387572813
3718000,-83100.63059369504,302.5467488482113,0.9826572786406971
3719000,-82711.87298338074,305.53796940832314,0.9820011247131032
3720000,-82515.02271142945,295.96892737326414,0.9806760477997614
3721000,-83044.95499286812,305.17673689548116,0.9853240672080281
3722000,-82712.10009166005,298.0995312937652,0.9848469868832846
3723000,-82581.8758503609,296.66242319020836,0.9812690385486087
3724000,-83218.24568133545,298.2383460789182,0.9958300900914833
3725000,-83132.40103919833,304.47330135637935,0.9888215977856368
3726000,-82821.03301200556,302.75912286956407,0.9780329187396485
3727000,-83397.3983370905,299.3378494447514,0.9798771810950726
3728000,-82728.439784611,302.2201370305756,0.984849054719138
3729000,-82935.47403363459,303.80433267150335,0.9798341475120493
3730000,-83263.46290427801,302.82691095272065,0.9830316378750128
3731000,-83539.90145699761,305.8502409331854,0.9875395127301851
3732000,-82752.5225328962,303.7660426664528,0.9842323323529476
3733000,-82771.91632869007,305.8651380658025,0.971253084275885
3734000,-82931.9475204536,302.3751862094536,0.9770658470229218
3735000,-82974.93250154017,302.893396529094,0.9770612117100583
3736000,-83195.35173861647,300.2452126125257,0.9828872391161974
3737000,-82909.32752725162,297.8912316656701,0.9821858901327567
3738000,-82691.65232592472,300.3434636716075,0.9776502597780024
3739000,-82984.22367592237,300.6579347448462,0.9800340332940931
3740000,-83196.32022958546,304.10987119919395,0.9695262203350405
3741000,-83166.14793189679,301.2228066989063,0.9839367447998757
3742000,-83036.58101859153,307.698219679035,0.9924493845199934
3743000,-83505.38925070327,307.5197878075336,0.9726366307803069
3744000,-83433.41832960717,300.77857580950064,0.9856640953250461
3745000,-82639.15628226585,299.1650981013027,0.9894749198971815
3746000,-82945.18888321321,305.9029801727807,0.9964071651500486
3747000,-83139.59924871061,304.054425157662,0.9761593019103278
3748000,-82928.54386617837,300.10901395070573,0.9903059318029586
3749000,-83178.54170856817,299.81079696111243,0.9836366537924057
3750000,-83323.56527969817,302.47665394621646,0.9984022800245913
3751000,-83372.395675815,295.66967874216874,0.9771840917059261
3752000,-83260.37964701571,295.2630068392844,0.992186663696237
3753000,-83091.32220430666,304.5592401886659,0.9797088520369076
3754000,-83107.96021144115,302.7974464881102,0.9843162523674829
3755000,-83042.76530251326,300.16382970881995,0.9807601856174036
3756000,-83246.89553329075,301.26556313308504,0.9857312001542567
3757000,-83225.63129559072,306.68454681236346,0.9854174857586695
3758000,-83055.5452904111,302.7547266106711,0.9752965035099669
3759000,-83178.25099810038,300.6305917756114,0.9810753874362352
3760000,-83412.93663228,296.58084564931585,0.9856233257961146
3761000,-82866.3644849665,303.24280962077364,0.9734844057457703
3762000,-82954.88128672086,304.67466911586314,0.9869133022822785
3763000,-83111.11109010974,299.86212007486415,0.9850975180876493
3764000,-83158.12119135744,297.1680896267277,0.9956624228478242
3765000,-82990.46722547448,298.76055711832714,0.9799444853684856
3766000,-83020.6757503433,294.87916545984285,0.9771824679351546
3767000,-82778.64803402947,296.79325000451547,0.980692087582797
3768000,-82978.35312694171,302.1506393496958,0.9828749921767711
3769000,-82750.18700994679,300.7803266850802,0.9800829960517001
3770000,-82456.80750534189,297.3376830238571,0.9873933020409665
3771000,-83068.93086052971,303.2298072482831,0.9777426558477622
3772000,-83030.98995257798,299.84316522214976,0.9914456782817832
3773000,-83415.01237131475,299.57098296115527,0.9780459851337581
3774000,-83544.01225989527,299.94565167935394,0.9748972146340732
3775000,-83518.93922851438,305.3192689976355,0.9817105826671352
3776000,-82893.60861021647,299.4959540955309,0.976419727426951
3777000,-82991.71095935185,301.2662577999647,0.9776888533714283
3778000,-83111.7881346615,304.08409812552185,0.9758655357778342
3779000,-82420.08049114508,299.274858914815,0.985027795370736
3780000,-82723.3675337747,296.3510900082119,0.9791369040035314
3781000,-82803.38724834926,302.4431626809915,0.9825518647512197
3782000,-82773.11576051451,296.5294348375189,0.9833639653745834
3783000,-83073.38535087224,301.25717746398806,0.9763782618571012
3784000,-83233.35625686054,305.08517716070236,0.9956940731455735
3785000,-82863.1779397141,302.10109675467316,0.9812601274327024
3786000,-82955.65311151504,299.62989920727773,0.982969169169892
3787000,-83084.0969461,299.58910718701424,0.9848105836309365
3788000,-83123.52027169283,300.7154352478488,0.9875439347066359
3789000,-83197.00940140808,307.5005092623488,0.9932399222438775
3790000,-83006.41484500922,295.78956992900174,0.9847252700652666
3791000,-82923.44149890257,296.845237242759,0.9803739663138052
3792000,-82861.11911161034,300.90797168702744,0.9812557809195396
3793000,-82888.05349826452,300.2829025506689,0.9821886922489886
3794000,-83281.39769281878,300.6746570879586,0.9923248509015549
3795000,-82850.18738686776,298.7363004928329,0.9873925661318692
3796000,-82671.94173775404,296.04239785795346,0.9813646306914041
3797000,-83040.12731298775,297.4532383631125,0.9809905317667705
3798000,-82681.16012598953,302.0929537965772,0.9781849946739485
3799000,-83358.03697623377,307.4632311975388,0.9826026549250897
3800000,-82972.22302648774,299.5512129817585,0.9813480554199507
3801000,-82832.82269224973,308.3325823640292,0.9896870617725804
3802000,-82870.5508640795,303.7597400031173,0.9948684054180041
3803000,-82798.61309258564,297.3207258732499,0.9883108296971749
3804000,-82596.08884559368,299.29897432086835,0.9706859963950079
3805000,-83134.53303953446,303.11512534521563,0.9867464558814121
3806000,-83124.55330406874,294.22847520359454,0.9878610614485283
3807000,-83433.55321581534,302.19566970583367,0.9821313712000799
3808000,-83246.49919954123,299.8813689361036,0.9780161629381084
3809000,-83223.9317782346,299.2514471500658,0.9854316575297706
3810000,-83072.57489534852,301.76117109946483,0.9834152288235104
3811000,-82913.84586654097,293.15488357039203,0.9779383353186226
3812000,-82911.56144866627,299.8740290712747,0.9762355785577471
3813000,-82976.79246923694,296.59044364950597,0.9815756252564072
3814000,-83355.5637473141,306.8150228989569,0.9799942284472882
3815000,-83119.531032458,295.26873588545874,0.9877320661228585
3816000,-82949.4137152303,297.58821523589387,0.9926556624143117
3817000,-82851.60742356273,299.54913125726426,0.9837344845181799
3818000,-83007.24160231085,299.3808556258157,0.9874103485052494
3819000,-82873.60808168416,294.26096108994466,0.9709380475069643
3820000,-82722.68601348449,294.2553354186834,0.984899492979925
3821000,-82907.92648757278,301.53295565641264,0.9806678434828238
3822000,-83493.28401645849,306.268491006146,0.9919915019898448
3823000,-83249.22520791425,300.2508169640086,0.988989619619775
3824000,-83238.61057939351,298.17736882185335,0.9940912465724234
3825000,-82866.43098633568,296.13521827894544,0.9915706700679375
3826000,-83219.19019639282,303.34394659081534,0.9831193290170347
3827000,-82237.51286476036,300.8927588999515,0.9858919002018333
3828000,-82855.30412805686,298.36389823593345,0.9865561003671809
3829000,-83674.57121667417,300.76003358623865,0.9838384618046202
3830000,-83165.50171579799,303.1390683271741,0.9881484774320813
3831000,-83138.61478736182,302.9353195130082,0.9806431711494065
3832000,-83141.22336450219,299.42024595907515,0.9962869830569551
3833000,-83601.85601343797,298.4626234132094,0.9808918075793833
3834000,-83681.35209356563,297.94169879934833,0.987147843067506
3835000,-82843.0301888432,303.3324469753841,0.9717711315454135
3836000,-83529.9496714783,298.1840448799841,0.9879894266741419
3837000,-83227.49347730266,301.6581608753858,0.9799318910320979
3838000,-83567.59306364064,295.4781296870507,0.9868485550465251
3839000,-83484.47804774932,298.1813485559491,0.9819395477948012
3840000,-82755.68013456959,292.4000913737583,0.9831538724640692
3841000,-82625.21189835481,302.88051396151275,0.9739998395042602
3842000,-83146.94178175263,297.9773382880365,0.9844183157519318
3843000,-83440.41781832144,304.466022234121,0.9906151613957614
3844000,-83070.17278267967,309.7670351738952,0.9843927698794891
3845000,-83254.17684395495,300.3417093074237,0.9803960713939547
3846000,-83494.10041134903,298.25584530083376,0.9974783409340205
3847000,-83779.15999652515,306.04433397346594,0.99128175671358
3848000,-83694.4045195136,294.8510206326173,0.9976920011808666
3849000,-83556.43202596309,297.15194417307305,0.989251147504205
3850000,-82789.21015852236,300.61702289175383,0.9783281685217693
3851000,-82952.54756119358,309.8002337841019,0.9849754214079521
3852000,-82759.66300922324,304.84928237492716,0.9729462686190207
3853000,-82651.42077689315,298.63627588925925,0.9751448065202285
3854000,-82569.29694085091,297.0354348925542,0.9886605733367204
3855000,-83200.34354646085,297.83416211148716,0.9833768009701064
3856000,-83223.1235830842,298.24319302779395,0.9861857631844575
3857000,-83160.68927209021,302.86174183579396,0.9863133014065032
3858000,-83078.45223063289,299.74512964481863,0.9764459926554576
3859000,-83328.56470675551,298.2750016612606,0.9850860753919846
3860000,-83326.6133596783,298.80996388850014,0.984486693825084
3861000,-82754.6954465346,299.3590387125461,0.9807520068720439
3862000,-82736.6064721074,299.11345770374135,0.9703709643740024
3863000,-82936.60894298536,302.2755647231485,0.9700301860110957
3864000,-83042.00563752116,296.3529579138353,0.9760686073964907
3865000,-83729.00478942721,306.04663478535565,0.9920633605467065
3866000,-82831.80050131289,300.21742787641847,0.9811933159191039
3867000,-83546.41366162023,305.7119889425622,0.9829551541250597
3868000,-83089.68154814537,299.58280631781264,0.975607662366547
3869000,-82862.70639783546,305.74962065402207,0.9831471588996652
3870000,-83010.59159247455,299.61004626539534,0.9659640011336283
3871000,-82621.7386184712,299.9996178206481,0.983636283299429
3872000,-82863.37661950069,302.49010891635254,0.976172484554875
3873000,-83068.10112719645,301.32037652192764,0.9821466538529449
3874000,-83130.55061179702,301.9448407729158,0.9794005311750698
3875000,-83282.83903772535,297.62168622372945,0.9904120025503161
3876000,-82915.52201950678,307.15808476187215,0.9788062715212397
3877000,-83131.24526234134,306.10318829531406,0.9875209683508523
3878000,-82607.55477534048,298.3372351376705,0.9788548934605558
3879000,-82569.33404445794,301.6341886242716,0.9822883185344056
3880000,-82906.62284913025,293.9614772900145,0.982096811666707
3881000,-82951.56341431441,297.41497017675556,0.9978158634768347
3882000,-83547.63398670434,299.50139314267494,0.9821135654527963
3883000,-83138.0117194893,302.9224095626345,0.9835924185315782
3884000,-83244.36520436406,297.6895419184379,0.9863740332389527
3885000,-83108.24496899842,297.75291007720676,0.9900899221654358
3886000,-83014.62063262484,299.770236553567,0.9832116889726982
3887000,-83492.83141487336,290.23369777549055,0.9872994924590198
3888000,-83033.73965172074,294.0765770980352,0.9867910364752271
3889000,-83317.92007162509,300.77017386819733,0.9885873811066537
3890000,-83167.13285607717,298.6719030252931,0.9812167414342655
3891000,-82482.55145191954,300.1482061672327,0.9818730537708215
3892000,-82962.80286223849,304.4183936433065,0.9853743258091862
3893000,-82922.4256971131,302.9702359975856,0.9734746132265263
3894000,-83116.87409956398,299.1833517139404,0.9814231500879681
3895000,-82914.9237533568,302.23977681929415,0.9783398148063979
3896000,-82830.95452993753,305.22661125070755,0.9880928027067338
3897000,-82799.37111923267,306.19283329200744,0.994951752102967
3898000,-82847.41179542756,294.22289062974136,0.9823963620022175
3899000,-83034.57048330846,296.63425717697714,0.9712097332494379
3900000,-83068.79303187848,300.0691096814968,0.9790607608876526
3901000,-83626.29577577737,294.07281681958324,0.9899232374707939
3902000,-82911.8794993104,304.8431242701831,0.9845416651807887
3903000,-83239.10564291762,297.4256313705578,0.9904918939309731
3904000,-83033.63480832934,299.79784459255706,0.9813708503174937
3905000,-83311.62448528252,301.76308509318613,0.9804848567583656
3906000,-82991.22859432083,295.80566877196816,0.9753997158332794
3907000,-83606.6645135184,300.4574561647559,0.9907635344951659
3908000,-83048.92747721163,296.1795135266263,0.9825747386295359
3909000,-82879.24817350891,299.00428176410117,0.9771405318467088
3910000,-83101.30948888836,298.1173799454315,0.9768798295751727
3911000,-83201.78097897727,294.14951374472446,0.9782797646288078
3912000,-83218.05477430735,302.44693584105073,0.9857488308644279
3913000,-83320.01283257542,297.86723367245173,0.9863120167018484
3914000,-83491.24634393078,296.17048404480084,0.9852903912668034
3915000,-82678.64288969839,302.67690088671503,0.9817644363049132
3916000,-83076.34793089784,299.6694683231697,0.990751358894846
3917000,-83487.30942392099,302.53388133506155,0.9853194446525692
3918000,-82863.34529400483,300.79905325552835,0.9726955711793217
3919000,-83178.25110482378,304.84496634315894,0.9844288765503244
3920000,-82991.00085211819,302.9914717282046,0.9777152962352492
3921000,-82800.27997718088,296.9343861309674,0.985024537071692
3922000,-83459.42521821859,304.24261694676056,0.9888471988343513
3923000,-82612.51779684034,303.6565889931893,0.9868420713399009
3924000,-83163.25962949387,301.75511827583836,0.992283054835693
3925000,-82850.51138948032,295.6894879395869,0.9864539326569934
3926000,-83436.79681524128,302.23841334381484,0.9842856805740079
3927000,-82776.19564982812,301.95602247657615,0.9973969338859249
3928000,-82927.4229401371,300.78540714651683,0.9863471657433849
3929000,-83386.9912479393,301.4057345782158,0.986594441075907
3930000,-82866.8180897283,299.87874181636204,0.9669030660443363
3931000,-82532.1661457186,294.22356493752096,0.9701780702353275
3932000,-83077.81576824532,296.8738901500582,0.988110747085946
3933000,-83339.48913937359,299.3378241920235,0.9800143216450922
3934000,-83066.06538926158,300.7944180254306,0.9886759858826479
3935000,-83086.0324540339,299.96520989652157,0.9778234081159807
3936000,-83159.3766387048,297.2910144015942,0.9851963700109386
3937000,-83111.21460017405,296.50648220377167,0.9821063068478357
3938000,-82625.96647186362,299.2334004868432,0.9832639473016065
3939000,-83624.89862160746,301.4488010451988,0.9891633814350986
3940000,-83383.81272776629,295.9764269405693,0.9808813811502585
3941000,-82681.07766760094,303.47647711336,0.9745359309482446
3942000,-82734.64343954384,302.1026437786153,0.9793144592251364
3943000,-82927.93980491068,298.8942035012165,0.9860394864473789
3944000,-83232.00218069361,303.6838163033979,0.9895932450939514
3945000,-83460.08361630619,300.11989479396635,0.9776935275237288
3946000,-83304.64181116526,304.395235438711,0.9885617241760175
3947000,-82547.99981440208,303.1048972666608,0.9812370048469128
3948000,-82384.51873204514,298.99378898905104,0.9823719632566849
3949000,-82771.39557551133,294.96355426134954,0.9748644770017942
3950000,-82943.28139522532,301.71214428538235,0.9882525251441263
3951000,-83592.56671330793,299.324208396248,0.9945099580145715
3952000,-83464.27956721839,296.95646447268865,0.9813710905925077
3953000,-83021.45863589377,299.53349646094904,0.9825867442812513
3954000,-83468.15621275496,301.4865715265093,0.985422001526114
3955000,-82784.18284580694,301.1846617838493,0.9795586950206541
3956000,-83458.58835660125,301.1193198151952,0.9850118514782016
3957000,-82935.89981212362,296.1611674371579,0.9766288756633461
3958000,-82924.5444729866,294.5884019412219,0.9821183343694393
3959000,-83447.28337416338,300.50627736119463,0.9850573923835716
3960000,-83096.18712986278,299.80961740867235,0.9836261033217735
3961000,-83360.40334917878,296.2659332300667,0.9793557476027163
3962000,-83417.80682987015,298.91188407914484,0.9863726942017949
3963000,-83361.40454591933,299.899600662981,0.9854556295347638
3964000,-82568.0300665928,296.89531073412394,0.9891854155578139
3965000,-82919.26281402615,302.60916406034954,0.986364784780124
3966000,-83029.96510639746,310.6043425294246,0.9894444321937796
3967000,-83071.90947481786,298.7447704288629,0.9847934622065289
3968000,-82898.68052924372,304.86932706836103,0.976257518894707
3969000,-83128.61714174668,301.37251122269004,0.971158716458644
3970000,-83224.6522092899,303.115082199246,0.9787834680247484
3971000,-83038.50804929255,302.96464588189474,0.9919117434514414
3972000,-83001.66161000333,294.7726225204205,0.992468771854769
3973000,-83098.6174987359,296.6507670056917,0.9843807812297025
3974000,-83151.2139494202,303.45459206662554,0.985602774431321
3975000,-82836.48999242706,295.36770078973626,0.9814670466871797
3976000,-83077.15430354461,302.9922149336508,0.9900077240879515
3977000,-83228.08509782999,298.0651284999736,0.9885103163093707
3978000,-83286.01356601814,296.0776852218792,0.9785169016049083
3979000,-83327.1521158964,299.1783461276032,0.9754104789770833
3980000,-83410.93148971809,299.8745966906107,0.9836207673583477
3981000,-83389.17283086764,295.12776796410463,0.9904611187750574
3982000,-83165.87695962616,301.74187749569643,0.9881982960945384
3983000,-82571.26262794284,304.3046501411585,0.9900079590440096
3984000,-82580.24574451888,305.00530784831494,0.9755943972542276
3985000,-83278.78473519575,301.36067570734065,0.9898535616859485
3986000,-83251.70087026822,302.2063578328204,0.9896975641158356
3987000,-83749.75813758222,296.6844309360998,0.9879037989865297
3988000,-83161.71752519737,304.148989923858,0.9879698311718552
3989000,-82567.93566968467,303.1079712162033,0.9732793511006135
3990000,-82355.49202112661,302.32209468013815,0.9833551428904718
3991000,-82764.75079286582,301.1997592377853,0.9885051568398141
3992000,-82972.82341959258,297.7987754776588,0.9819172104284721
3993000,-82896.5181172996,302.6699307841483,0.9646364662906832
3994000,-83158.03610064252,303.52582742734535,0.9929336645796824
3995000,-83462.98823602812,308.5973428825772,0.9845931777798596
3996000,-83358.05155626638,296.19356235607694,0.9813813405291036
3997000,-83732.5443129387,296.18715624087986,0.9867228269905916
3998000,-83067.35396627878,297.8274043583584,0.9809526430893597
3999000,-83247.75742615998,292.30266329741323,0.9870717088192765
4000000,-83308.24538169027,292.30430649167755,0.9828424655378385
4001000,-83022.79208837607,296.08559542203005,0.9820859485946439
4002000,-82932.7549830185,302.93661391020464,0.9894388149083297
4003000,-83217.19025375764,297.0280740330523,0.9839216749466776
4004000,-83066.87107305496,299.7071668199015,0.9880962747633567
4005000,-83368.8285503615,308.1687794075708,0.9863891943839921
4006000,-82844.53422768036,296.34186371745994,0.9820211037017915
4007000,-82674.38774804253,297.37040107285424,0.9726405827693244
4008000,-82699.04628781759,302.0815356165258,0.9836132358107883
4009000,-83631.4920299034,299.98693929997296,0.9851046646387386
4010000,-83408.94746871188,296.5100809214476,0.9873213870812829
4011000,-83219.24978233333,299.988159783872,0.9814506378944687
4012000,-83072.25513769692,298.133411820864,0.9872254032015764
4013000,-83723.65729450033,298.34016477874667,0.9930714006168965
4014000,-83244.69066883175,295.2005212996884,0.9869458634338604
4015000,-83496.82085757039,296.7714208540581,0.9959161647158857
4016000,-83343.51639839384,294.922678902385,0.9814573767574684
4017000,-83061.97975999617,301.5464229989488,0.9780548338596492
4018000,-83312.49041638139,306.8426244806904,0.9826983037261279
4019000,-82686.27710816386,298.23907576656455,0.9838921386503026
4020000,-82656.99661330483,301.99884070263016,0.9825556475714962
4021000,-82629.54863206099,302.86230686077704,0.9807063066946895
4022000,-82925.7261567798,297.78100425480204,0.9814416155762766
4023000,-83234.83687380783,304.6567672412643,0.9797534029148055
4024000,-83237.45245907747,304.2812300886039,0.9887207856576609
4025000,-83584.5283430473,300.86583141590614,0.987072453401547
4026000,-83518.1391001133,298.7119699399031,0.9888685833978677
4027000,-83100.90409532399,301.8906644950552,0.9891239495297055
4028000,-82531.28778314148,297.5106035717691,0.9818728982600661
4029000,-83418.41962356825,303.4420413656753,0.9909544545713801
4030000,-82946.27823112736,302.2075953252846,0.9746974889450117
4031000,-83268.7122976603,304.35837110380055,0.9835328498965435
4032000,-83253.21765035152,298.71823172625756,0.98522846782156
4033000,-82923.51892036613,304.34781631979683,0.9848232447731292
4034000,-82804.21553411143,304.9452525658561,0.9809760153951874
4035000,-82815.1253881639,303.5671458964321,0.9753102856872918
4036000,-83178.61458138889,301.0531144011647,0.9811137700649186
4037000,-83203.3138118672,306.2638517769787,0.9745283482996958
4038000,-83307.96591540857,298.4176835607813,0.9794880374834214
4039000,-82903.74320249294,302.1210391405992,0.9753464735386107
4040000,-82843.16999701661,297.8090569213783,0.9762193279936305
4041000,-83183.24119988387,287.54002653466426,0.9818040111096364
4042000,-82937.03897569014,302.28428892254647,0.9805324993388628
4043000,-83281.1530212647,306.36811853276373,0.9973150854257053
4044000,-83243.38815799152,304.4080522757646,0.9951748300822734
4045000,-82822.89996799402,299.94374079885824,0.9793478117661778
4046000,-83572.54763023998,299.9864870534915,0.9948268601604553
4047000,-83148.46855731774,299.78232311957237,0.9816979703126705
4048000,-83257.60176875634,300.2337851065065,0.983828210600251
4049000,-83254.74361675302,300.6747672849953,0.9860545412045637
4050000,-82803.6987405378,298.6560106655044,0.9786210944133995
4051000,-82811.9595867967,303.54420120887585,0.9722100775395246
4052000,-82680.94241633208,305.1818349160718,0.9782767881535975
4053000,-83151.77342776215,300.0779145987738,0.973040437132337
4054000,-82981.64224942186,302.1698452337124,0.9790653056283165
4055000,-82503.87191502121,298.1824247745744,0.9952944356078796
4056000,-83025.02192637848,305.43046295134246,0.9863368360688441
4057000,-82982.2257135075,297.4616576670777,0.9844811102289073
4058000,-83035.86694469227,295.5985555931407,0.9810306013347583
4059000,-83418.85137573397,305.73131887584134,0.982585661520869
4060000,-83097.95724128629,300.95999797384655,0.9854652609365919
4061000,-82831.36347365694,299.47781832376063,0.9846798357243775
4062000,-82918.3857802063,305.47126499837697,0.9891756069221191
4063000,-83232.54116970173,302.8209210644577,0.9774204189587229
4064000,-82608.75851748744,306.8203697054154,0.9742893852188932
4065000,-83016.70189052814,296.21193820649285,0.9813061941864072
4066000,-82397.33177175623,303.40424020308876,0.9704916365752962
4067000,-82997.1071088601,302.7113744019028,0.9812701729132273
4068000,-82923.3669771718,302.28035910500137,0.9827366607776439
4069000,-83287.1978412118,310.4655919439886,0.9885879811989698
4070000,-82776.51490166888,302.3128191845335,0.9939981154268236
4071000,-82500.26259804436,306.9812160784371,0.9693243441108833
4072000,-82760.85215186398,301.6095617362028,0.976201163651109
4073000,-83085.4858767477,300.3530445392822,0.9836584603377144
4074000,-82503.59651411249,304.6174206381258,0.9819243119426471
4075000,-82489.53293698461,308.8621694547933,0.9830636749024843
4076000,-83241.90301482228,303.5805498650876,0.9825304883744109
4077000,-83101.6383374621,297.7297617614642,0.9843681655313061
4078000,-82819.11634122638,303.45134789249266,0.9867750003909445
4079000,-82751.03651915566,297.70449915060215,0.9816265691667061
4080000,-82816.60128489154,301.3390580505005,0.9888055689376345
4081000,-82855.273428493,305.7780428803597,0.9805121526005891
4082000,-83349.8547283049,302.4783814094674,0.9887432375520491
4083000,-82978.94714208553,298.46408760077617,0.9839847586585337
4084000,-82867.37299389497,299.21859701511886,0.984516150856569
4085000,-82829.95227735228,304.6689190597886,0.9853361481446598
4086000,-83589.634700433,306.305199784996,0.9899691273731884
4087000,-83208.7073717647,292.68649089707253,0.9881920589879607
4088000,-83276.76503940369,295.47005536291454,0.9938546187878459
4089000,-83212.85991610034,295.0430246340289,0.9934594209941233
4090000,-83361.07424598269,297.99001114973464,0.990903254725944
4091000,-82759.77007924003,294.4438471810523,0.9918023539748115
4092000,-82674.22919094824,299.3282575328234,0.9739469354162847
4093000,-82878.83843180153,298.7752099301141,0.9768517057822096
4094000,-82854.90963687515,295.3156897242132,0.9813215630209676
4095000,-83664.69323776563,302.06022247767146,0.9863195189880575
4096000,-83175.26870690577,293.8433234273148,0.9829419156264751
4097000,-83576.23848032026,299.0580492534075,0.9873503369477781
4098000,-83015.84083158092,302.1954375930195,0.9802686025651893
4099000,-82727.98435556749,303.23739140368895,0.9835169775338437
4100000,-83027.5788323984,305.1497501293819,0.9925157598242804
4101000,-82625.17711959092,303.12712668021726,0.9735986694328279
4102000,-83330.12300019804,300.01033564691824,0.9839047547474079
4103000,-82839.21448631107,295.79504676100476,0.9921335700808664
4104000,-82709.97414150537,296.5890181737394,0.9826041375812654
4105000,-82353.58491917775,300.8902170975175,0.9821357200348326
4106000,-83065.80685248278,301.39392753078914,0.9675276726858333
4107000,-82558.36629172845,293.69091568979934,0.973928223574841
4108000,-82812.71264444129,301.51857043137744,0.979163597814044
4109000,-83000.53285227227,302.2195858233841,0.9729985048775162
4110000,-83065.5877458941,296.02442221178785,0.9773822932319226
4111000,-82974.43233051227,292.2652746292662,0.989906840892519
4112000,-83336.01879139454,301.4516671220373,0.9773290684825834
4113000,-82773.70375848358,306.9668095619191,0.9708489996252367
4114000,-83259.64396330935,299.8923560918702,0.9772951657345265
4115000,-83027.53661206353,301.29849513876803,0.9798500982022964
4116000,-83284.51503849309,297.3080438755846,0.9829157780873254
4117000,-82914.07658835797,303.0449896583618,0.9861741586004166
4118000,-82815.70099344343,305.9722641648135,0.9825734656171476
4119000,-82626.1235735906,303.9534042937563,0.9810510839634546
4120000,-82891.04525764688,299.6472173614732,0.9859718681061688
4121000,-82952.85819242895,301.1385687449871,0.979994590010392
4122000,-82962.38709751825,296.7689338779901,0.9836194714926942
4123000,-82831.61904485076,292.1713607924152,0.9750527922704368
4124000,-82914.0665515996,297.2123360647608,0.985980977112857
4125000,-82743.87973471184,300.674233018909,0.982127403551495
4126000,-83398.21210976131,300.3804314353941,0.9836652223673226
4127000,-83439.60077208065,302.0513410500285,0.9870114792652277
4128000,-82960.91807643202,296.4920006045723,0.9804190413750459
4129000,-83009.41360942571,301.38454486934495,0.9721481836549378
4130000,-82662.51323844952,296.44426956292887,0.9877396507630599
4131000,-83561.48523482127,309.65390286503845,0.990885616532637
4132000,-82880.11075278203,298.525220767308,0.9768443889058804
4133000,-82628.2541782207,304.385732530193,0.9754063947358518
4134000,-82061.67391378217,299.7852401230268,0.9823890971072202
4135000,-82383.38647460949,297.1359179557246,0.989236886980118
4136000,-82262.3558052808,298.12731997952875,0.9712632732761679
4137000,-82800.60386305483,297.7580074078777,0.9863083269612801
4138000,-82995.79740197025,301.47390770443576,0.9828260769766174
4139000,-83691.10469451547,302.28074498863475,0.998862260309529
4140000,-83007.36944967741,301.3137051819422,0.9812107979796497
4141000,-82780.703784396,305.4468028250831,0.994880020952178
4142000,-82567.13613484835,310.7862833963218,0.9772998519870604
4143000,-82760.8523236349,302.9305929774725,0.9808046436011262
4144000,-82947.01280260965,300.5189629907377,0.9827751569060403
4145000,-82752.40141549759,306.4224918019854,0.9865956311436254
4146000,-82673.121536105,299.4791524413222,0.981469830293157
4147000,-83345.81732114853,294.05762806309326,0.9726483473257281
4148000,-83500.41181456839,303.102907862269,0.986076375422157
4149000,-83211.23326273769,301.86702674459343,0.9880395750350442
4150000,-83177.71415319189,307.14701321525496,0.9778372243795007
4151000,-82616.1860532653,297.2555860004325,0.9750233814748981
4152000,-83078.18201904662,302.9888386404168,0.9879974109982252
4153000,-83194.2386769302,301.06440686779774,0.9904860153652933
4154000,-82791.89921787725,305.1281563944708,0.9812085384416024
4155000,-82771.3169285708,302.5005286117993,0.9855335091860249
4156000,-82684.4432266989,299.8061669352691,0.9811924385224557
4157000,-82757.24822300352,298.3756133121648,0.9774154949073683
4158000,-83249.80868967087,306.4527115766897,0.9826194815749353
4159000,-83013.78534918942,304.4939884725161,0.9757400830443076
4160000,-83421.5805179323,303.24835157403163,0.9679547438944347
4161000,-83555.26271012961,305.0416811935336,0.9846549382622053
4162000,-83041.84355168388,299.2039898178114,0.9793920623176356
4163000,-83123.55281266349,298.7580366434235,0.9868028579800688
4164000,-83124.9374380944,293.59808828267165,0.9820441940462186
4165000,-83152.47983267636,302.6205599170557,0.9876524175987079
4166000,-83198.47701047687,298.39327678176704,0.9802910648139369
4167000,-82809.69385865139,306.4619476268198,0.9753963669568924
4168000,-83467.71656482719,305.8492849777945,0.9784864045681297
4169000,-82736.29047358461,298.27712619926365,0.9819971098685623
4170000,-83270.54745023814,296.07669847389013,0.9809348561221302
4171000,-82790.25827886834,301.44328146464613,0.9759689277126936
4172000,-82675.88386123691,297.3679777392026,0.967394564847602
4173000,-82839.31521335331,300.0315018515591,0.979368598094101
4174000,-83086.69670380215,303.860165749492,0.9845076241939127
4175000,-83142.35581396858,294.1475683212646,0.9914901881945465
4176000,-83450.68304700498,296.3884181758155,0.9903772904644874
4177000,-83007.48281234817,298.6380022602037,0.9797596265941618
4178000,-83145.03960586205,300.9244892886934,0.9869613803609736
4179000,-82870.93159871851,300.4881577319385,0.9636240252241743
4180000,-83023.36269430286,299.8077415847075,0.9827270687723259
4181000,-83203.27388554969,299.9502444127406,0.9869602224161509
4182000,-83376.10527280223,302.00572142066966,0.9835963647083338
4183000,-83420.74749695609,303.51818848145354,0.9869464131531969
4184000,-82720.82468941197,303.3140960795619,0.9864099428850678
4185000,-82709.85316239862,301.06035439556626,0.9771437250957342
4186000,-83301.41838405828,295.91128077086825,0.9937243891767914
4187000,-83207.43602421228,305.64619978388083,0.9844162291889461
4188000,-83190.13325608597,295.4884800730665,0.9838816388955682
4189000,-83195.42257204972,299.4632401236846,0.9835107477958918
4190000,-83200.44093531976,301.7836626146271,0.9919398606926871
4191000,-83162.15606047749,298.31204714777596,0.9773119905223296
4192000,-82982.21939108777,301.4099245349869,0.9837914679015826
4193000,-83217.93087034038,298.6745396935007,1.0029356554903235
4194000,-83111.1475767204,301.809735015211,0.9841084097169698
4195000,-83158.91267398506,297.432177822136,0.9878003963445687
4196000,-83072.5156856156,299.71362772446474,0.9855571491469817
4197000,-83322.1448259902,301.36956583704534,0.9912689587519177
4198000,-83297.49458513776,296.4121029168424,0.9841359000592494
4199000,-83571.64830299094,299.41568749793225,0.9784695517378404
4200000,-82880.5941052605,294.54011213069435,0.9769853262858698
4201000,-82947.75794935186,304.61516418361884,0.9837658802293677
4202000,-82955.30361387553,294.1325004360325,0.9873456829501108
4203000,-83069.1954295534,304.4919329032035,0.9869288036892073
4204000,-83241.63909252133,308.0690919277449,0.991388918708866
4205000,-83198.38176195032,305.90797559115276,0.9677486872475769
4206000,-82703.28465711296,308.5126050975928,0.98352010378481
4207000,-83164.11816022824,298.18764944558666,0.9825031908078439
4208000,-83391.95873767813,301.30438702334226,0.9943170874407323
4209000,-83635.62358032598,295.6472979909366,0.9866590350310478
4210000,-83473.30363697093,301.63421017948474,0.9866426952614387
4211000,-83098.79407598334,305.11868030409323,0.9856711589520482
4212000,-83557.87676517875,299.41141764785954,0.9864681690986484
4213000,-82252.80370994727,293.1746045588436,0.9794112649697326
4214000,-82994.62255748996,298.4078412251895,0.9857075920413564
4215000,-83286.91180276324,296.85129319269737,0.993192074368193
4216000,-83084.36695697182,297.42891372717486,0.9816857866642655
4217000,-83065.49440299277,297.5613711944862,0.978754306485614
4218000,-83334.19598697318,295.68171455503756,0.9842717698810131
4219000,-83218.92070540664,295.3680738045393,0.9822901150348765
4220000,-83191.54415383446,296.2356005945781,0.9878282167065039
4221000,-83620.87763029785,295.72211975954366,0.9917007345806746
4222000,-83522.2275147938,300.92561273538007,0.9944948868291488
4223000,-83223.65522979805,305.62895197640296,0.9852369772415077
4224000,-83237.81521394622,299.78085823392945,0.9786892241302372
4225000,-83101.70825570874,299.86070689868444,0.9806446045059126
4226000,-82874.10357012041,308.21062617198515,0.9754270211228727
4227000,-83166.38138585672,297.6401812901282,0.9868603140651522
4228000,-83383.36857912526,303.95694871244837,0.9937154793479781
4229000,-83075.76887564559,309.2054748692997,0.9846506123804429
4230000,-82903.7724818422,300.2622562089849,0.9889531917637671
4231000,-83111.42330238532,305.09560170801336,0.9887187835748293
4232000,-82615.16673243919,299.83653253003814,0.9839217994110792
4233000,-82483.84397666011,296.020093031936,0.9799780672141297
4234000,-82706.53590473416,305.1613783561701,0.9857725802273667
4235000,-82846.48887302383,300.3161238071841,0.9880104603051181
4236000,-82891.89535295177,297.32499344851806,0.986214555853252
4237000,-83135.33059459098,308.41861476472354,0.9802004973187123
4238000,-82782.5044216981,302.453014654563,0.9810255724693184
4239000,-82400.5096211264,304.4015531931461,0.9780169732925076
4240000,-83102.56237852713,303.64575915953884,0.9829848353265487
4241000,-83306.04447827575,297.6017131814915,0.9869991275443621
4242000,-83246.11478596431,297.0701139054622,0.9832991887270207
4243000,-83299.87931989261,299.5978593440097,0.9880493063610116
4244000,-83103.96091774013,299.73707032023043,0.9852480867708455
4245000,-82835.07749730704,294.2353935016147,0.9870134175020704
4246000,-82860.9743453394,297.4459329961173,0.9826117432865688
4247000,-82756.6183196776,299.7837760127403,0.9920528261767285
4248000,-83146.90645287029,301.59421389601033,0.9920405299037697
4249000,-82743.22208589996,300.4272185910653,0.9759658115325722
4250000,-83305.170860646,299.08754344096633,0.9863034545678487
4251000,-83286.53617109585,289.17704356411684,0.9875497609531166
4252000,-82510.02853358479,303.1120497751691,0.9775261293311395
4253000,-83159.36254175782,299.4498531220804,0.9974712029733744
4254000,-83112.83737530105,303.8416837096743,0.9837276062242718
4255000,-82879.1532466379,304.4107190979226,0.9879684786258228
4256000,-83470.50639968406,299.8916729557788,0.9864954086365683
4257000,-83159.32822020957,302.82636735242494,0.9775396677986984
4258000,-83549.70678895502,297.1056428218226,0.9960555190172307
4259000,-82789.3354728652,304.48137081766924,0.9884178940748568
4260000,-82862.12880776927,300.158212071938,0.989650914513241
4261000,-83196.74003615067,300.1324390030298,0.9889666387588175
4262000,-82836.06321567763,300.46633199965066,0.9763976543671331
4263000,-83230.74547351553,295.4886867953959,0.9852460039494545
4264000,-83035.50119511533,297.80473732167655,0.9818599379270028
4265000,-82956.96071468387,294.55366838012327,0.9842403306468893
4266000,-82883.87338815397,301.68369147992837,0.9696724129794572
4267000,-83159.27264673775,295.911058537684,0.9763865285659312
4268000,-83044.79152284225,298.3179864992659,0.9884013257041812
4269000,-82943.775106318,302.8572185125257,0.9883873101317601
4270000,-83084.98833862226,301.3272148636803,0.9836468799048348
4271000,-83177.82684717013,302.9401439478524,0.9868703605767091
4272000,-83397.38066024828,295.39504332926475,0.9902722775422544
4273000,-82885.51603463327,297.7450358477228,0.9798117838679509
4274000,-83069.21898926725,305.9719353477104,0.9867385692410237
4275000,-82750.81506359059,301.29807745189083,0.9805975161832059
4276000,-83179.59360961831,298.0820957350655,0.99938686990857
4277000,-83311.7278297508,306.64075406671196,0.9850759882699709
4278000,-82846.24236529454,297.12298826690125,0.9879833557154227
4279000,-82927.89992389269,299.399462459028,0.973533837263079
4280000,-82774.70261443505,302.63829071499975,0.984135128797701
4281000,-82749.78254325612,299.9457140463379,0.9769021989265764
4282000,-83178.00581518415,303.54322892542723,0.9802541114941911
4283000,-82703.17301444145,299.4518062188429,0.9821770321583848
4284000,-83234.51776605553,299.50560745775573,0.9865738813961056
4285000,-83222.94318958413,306.8843980025706,0.9848933347844536
4286000,-83462.33122717653,295.27045770082907,0.9925285712074852
4287000,-83672.07375446032,291.78747395342043,0.9877526987070906
4288000,-83744.56818529044,300.97996440980626,0.9738892985791117
4289000,-82594.9313325485,300.72259587546387,0.9847344076078999
4290000,-83580.32706604834,298.08736145181774,0.9948534242333389
4291000,-83270.72864495445,295.26537137515055,0.989984983085259
4292000,-83204.39911379258,302.89245901763564,0.9888037030387545
4293000,-83019.321009595,301.6538456241324,0.9844769778965274
4294000,-82842.0003409856,304.59692396661336,0.9725937010244431
4295000,-82737.68062442832,299.46772650860294,0.9800597710543689
4296000,-82927.76954835898,294.96934313140514,0.9817101412014089
4297000,-82852.8623472536,296.3921686372697,0.9813653626583568
4298000,-82813.00845148531,300.1809109033789,0.9811347179231976
4299000,-82924.40730783116,297.68298966494535,0.9705850220326216
4300000,-82997.83912187145,299.82664711058413,0.9856535182571358
4301000,-83190.08267896448,304.0150182704568,0.9780181094322902
4302000,-83024.75258755591,297.44386059981144,0.980490532906668
4303000,-82497.33633563167,303.18676052534107,0.9813344205896765
4304000,-82324.44758709712,304.061496423012,0.9793389203689864
4305000,-83083.6520408637,307.02337196711267,0.9808203634844259
4306000,-82677.0570321487,295.62842233589953,0.9884254571572264
4307000,-83103.27817208128,303.6883307975027,0.9816199442178003
4308000,-82986.96564695949,297.6410267225467,0.9876181756855474
4309000,-83082.36589893466,295.90537587676255,0.9828477998236105
4310000,-83233.99885294319,299.769629029251,0.993533724895655
4311000,-82912.69366586098,300.45096332492744,0.9847143136871166
4312000,-82848.34386445553,293.1155747626477,0.9848062722765296
4313000,-82678.525226166,301.76030036262347,0.9877602611458317
4314000,-83266.25432668277,306.0123081505509,0.9992455135395722
4315000,-83129.17530299281,294.1293280226004,0.9811815304102404
4316000,-82894.05497850338,306.6007724273164,0.992935050567449
4317000,-83477.28321199218,297.3998863161652,0.9888067395163921
4318000,-82520.09518901812,309.27332674423883,0.9765981051122278
4319000,-82895.06139803579,305.9122125464034,0.9833690197870847
4320000,-82833.91273293138,301.76925399824705,0.981473485303255
4321000,-83040.38183315226,301.0129173409208,0.9823811070094439
4322000,-83308.30644365493,296.6856506725614,0.9895531313247118
4323000,-82963.260827469,303.6051443890105,0.9832423698047862
4324000,-83108.50642196002,301.83864152941334,0.9892946352039712
4325000,-83389.89827083756,301.52393042931124,0.9891688794095015
4326000,-83292.3388812184,298.9288172523713,0.9720790883305621
4327000,-83904.00906007888,302.27686269403733,0.9931457113919767
4328000,-83050.42661538773,295.6076035106055,0.9908916284197128
4329000,-83809.4308069484,305.60300714198894,0.9937070453097391
4330000,-83350.04920947837,299.0685291721062,0.9946913274115813
4331000,-83394.06339441362,305.3972723745773,0.986293779052538
4332000,-83261.99043243245,303.35758776520015,0.9914508542536858
4333000,-83006.28557359712,301.781216532504,0.9864515653029743
4334000,-83554.49951225315,296.640350692237,0.9813215144752617
4335000,-83142.46864518564,296.0253050194915,0.9878028688398452
4336000,-83071.16346715728,299.45425489702853,0.9740023465709154
4337000,-83113.58218944538,302.41960801769386,0.9803181155903289
4338000,-82914.6980419028,303.8895784112858,0.992600087113072
4339000,-83270.0448096674,299.6023079700799,0.9853052643112206
4340000,-83134.8189080708,293.0443545660828,0.9772597325947218
4341000,-83166.36421876802,296.11727715157946,0.9957115922695134
4342000,-82893.10804501787,300.63879004654774,0.986697918438034
4343000,-83158.57047211385,300.32550824073513,0.9750444670222117
4344000,-83019.21918258461,303.57877300209617,0.9935921697073512
4345000,-82660.2667121219,299.19991678645687,0.9797146447132175
4346000,-83465.4748472519,298.29262906478783,0.9919873926253544
4347000,-83285.76981326635,297.59598422899535,0.9780533812188918
4348000,-83163.96553999657,301.1489051542276,0.9943274699506323
4349000,-83771.5622928249,309.330837674526,0.9933761129671069
4350000,-82750.20417550422,295.5352216414244,0.9796333565064669
4351000,-82769.80377912312,296.40479163860704,0.9788478662788029
4352000,-83196.59964683227,306.79669359348566,0.9881523592959536
4353000,-83359.72643935971,297.0056581489385,0.9834278468923802
4354000,-83444.06868266058,296.77364265362434,0.9964529677011572
4355000,-82749.79568151594,296.8833733628425,0.9797315974156968
4356000,-83547.27609689604,294.6981663436628,0.9827681009602918
4357000,-83016.18263604393,297.5672096024446,0.9744984387741304
4358000,-83046.77844200179,299.5278348365438,0.9831777886946956
4359000,-83239.90244922688,302.1051169754466,0.9785379753992436
4360000,-83156.12509165471,298.0894740221649,0.9774123211815681
4361000,-83003.2103897967,296.06392014080046,0.9812385539323273
4362000,-83087.70695619017,302.1644847095471,0.9874213470923974
4363000,-83134.00187061698,304.60113048508447,0.9869516655710951
4364000,-83010.70335035911,303.52075665060266,0.98090609999227
4365000,-83108.52875320829,295.93010128342104,0.9823698351454768
4366000,-82954.51807315758,302.9254039236387,0.9885871177342408
4367000,-83174.35263381875,301.18136103869426,0.9863484610221626
4368000,-82487.28183305264,303.9606399409701,0.9745673415349222
4369000,-82710.66880881117,306.5499361708837,0.9811928361003784
4370000,-83157.82631741208,305.3262939503397,0.9890165904949694
4371000,-83249.3999374513,296.16399284022214,0.9861460024374045
4372000,-82807.29144240101,298.9312747250857,0.98257487275422
4373000,-82881.86041302735,304.14329903115964,0.9757618381082006
4374000,-83094.0338557383,300.18495523261004,0.9881736344042323
4375000,-83223.7318906404,302.58906157611375,0.9859914348497343
4376000,-83338.11888119904,301.4419144760351,0.9851410799262956
4377000,-83133.90510261024,302.8261142224146,0.9914564668976212
4378000,-82451.92718570429,299.034783545154,0.9772824222201448
4379000,-82998.25056808279,303.54570549177623,0.9793652325558827
4380000,-83056.84261253453,301.294344515169,0.985820157433593
4381000,-83493.62052592332,301.7172486034461,0.9819781710797939
4382000,-82928.37707713881,297.49089704071434,0.9840209598564845
4383000,-83227.41557812365,305.7173308875099,0.9921638307579506
4384000,-83190.0859418136,302.1591502275068,0.9813329946387928
4385000,-82976.73875838373,302.3143153064568,0.9847683867676651
4386000,-83448.4222892744,299.2718135404127,0.9747018511472486
4387000,-83383.55358572939,299.2435412420803,0.9879338025899657
4388000,-82988.57368605124,298.51992232906264,0.9804347104868086
4389000,-83054.04585855134,301.2336570919651,0.9832337923825281
4390000,-83122.47627098259,301.52813142233606,0.9825419363196506
4391000,-82884.46108111908,301.1572790202631,0.9855829773584651
4392000,-83349.96453885367,299.6991503812421,0.9964934734483556
4393000,-82934.96486099192,309.14737636196946,0.9933554776219758
4394000,-83699.69433692069,308.5346715293828,0.9842034474573101
4395000,-83071.23771116562,296.1696530010004,0.9905571373474666
4396000,-83052.33160699758,302.8368997270148,0.9791504088174398
4397000,-82957.72905578633,303.46481658136645,0.986418331565815
4398000,-82788.05620431545,303.33058452968424,0.973335356316514
4399000,-83037.80940770952,299.5853398513916,0.9966161073176231
4400000,-83095.23930658138,306.54462782140894,0.9888356976818248
4401000,-82939.4613602864,299.332838348194,0.987519569850103
4402000,-83138.71126660833,294.282300547177,0.9745280888314584
4403000,-83452.02333736402,299.66468717596206,0.9798978342204857
4404000,-83587.17716172576,306.5209275966677,0.9870958068864045
4405000,-83143.49946850457,301.3012627217237,0.9918021815522008
4406000,-83030.34491927864,298.8587405651709,0.9837321602534385
4407000,-82680.19297186594,296.03759519804646,0.9668148532488768
4408000,-83368.65527269559,300.99939503811487,0.9947143535935236
4409000,-83392.03937272943,308.52799332425735,0.9765031747704389
4410000,-82911.69654005795,298.08577290261667,0.9950391334680513
4411000,-83229.21087450831,298.96585305832593,0.9825745510978666
4412000,-83147.24670702778,299.27857494792335,0.9784836872098487
4413000,-83251.22260107368,301.94577589945294,0.9848647599252834
4414000,-82842.5353371551,296.2518406834234,0.9817947906890078
4415000,-83028.08868997975,311.01698796334136,0.9875423958898962
4416000,-82612.53782310063,307.82418632567686,0.9823123119903151
4417000,-82331.94788343174,300.1596240591168,0.9843682354082641
4418000,-82714.15634404507,296.8123319316774,0.9836919927495712
4419000,-83211.80464652361,297.4739746767858,0.9850447249927721
4420000,-83033.08259415248,305.09528888079564,0.9906462999807456
4421000,-82729.75323475513,306.34978430305995,0.9873634705863136
4422000,-82584.61725895328,302.6352291331924,0.9781159222358133
4423000,-83265.6492257063,302.28249967177857,0.9885148632202273
4424000,-83217.81998988701,295.6833912141359,0.9858233501523884
4425000,-82825.38105556823,303.6332532287475,0.9852978068494974
4426000,-82969.10501180246,298.7520954924858,0.993516022366396
4427000,-83312.30083230091,303.07685841351895,0.9855780859981943
4428000,-83694.79379025503,299.75900839032477,0.9976698963304657
4429000,-83079.70948798367,304.85352949910424,0.9876573844129041
4430000,-82982.3088598196,301.9574665924526,0.9803845748052004
4431000,-82971.43336645095,305.3109438270562,0.9964931563342875
4432000,-82845.4920686917,296.69158871762886,0.9825173198743096
4433000,-82993.62791573221,302.87835603592106,0.994233890205117
4434000,-83301.3318474617,299.17761325836483,0.9876593324975791
4435000,-82855.01006600133,300.4218806594307,0.9818387770484842
4436000,-83319.13854167721,296.83476229299885,0.9903893037888591
4437000,-82810.72218468151,303.09955298806443,0.9825595173136813
4438000,-83255.85100001219,298.46548093377635,0.9848956786327884
4439000,-83109.11137457099,305.3364635025834,0.9760764354609461
4440000,-83269.1901718959,309.165861055067,0.9869219065759613
4441000,-83216.20714648836,299.4752022953803,0.9837630105023861
4442000,-82677.87889858405,300.1691267862903,0.9775062749088911
4443000,-82224.78635493643,297.5971087194441,0.9722393300120208
4444000,-82856.4576722724,301.1595163638814,0.9779172111031842
4445000,-83161.22092467808,306.33053036977896,0.9764174139486196
4446000,-83037.16956479725,307.8559687882225,0.9835785779589951
4447000,-82916.83026695065,296.38329563716735,0.9806006779176007
4448000,-83060.08047335129,299.8383898370355,0.9736650443803889
4449000,-83134.91621033062,306.3637940017878,0.9801360766970384
4450000,-82890.59903275559,299.5266467879994,0.9778558561154675
4451000,-83501.66439016146,305.44845294992734,0.9773412477193607
4452000,-83089.0411689356,297.5604942460678,0.9869899854830804
4453000,-82891.12089521921,300.6957784023131,0.9858484567291703
4454000,-83175.69263808907,302.90279364521683,0.9840027979948729
4455000,-83413.80415464652,295.48390772082473,0.9816789825242062
4456000,-83104.18213973264,292.8661178767495,0.9868418527458206
4457000,-82678.10944786452,301.4963376963458,0.9826085487382126
4458000,-82777.23354532407,301.8110025213542,0.9850693430245274
4459000,-82655.58687283163,301.1897377896867,0.981194641073508
4460000,-83074.8577892221,303.43856932070565,0.9914156020806969
4461000,-83022.06465306785,301.39339814734643,0.986749781744205
4462000,-82743.5733292647,291.8749300810025,0.9813552154962184
4463000,-83327.99544262135,292.94334787733135,0.9838773863030363
4464000,-83350.06104496552,297.5744889912197,0.9990977254614269
4465000,-82890.0428676359,296.50171181427015,0.985755617598378
4466000,-82321.10313722183,300.0161947059331,0.9712227336159982
4467000,-83287.43717889849,302.0788610452695,0.982789186228369
4468000,-82692.00295459433,303.2192539532951,0.9844593413345064
4469000,-82704.48499878222,298.83702396851146,0.9909174186341884
4470000,-83028.64181953552,294.10479667103994,0.9880457824051698
4471000,-82456.35655050224,298.05475735061117,0.9747751032971611
4472000,-83161.40847122838,296.584768097318,0.9815042141429603
4473000,-82871.6017901618,297.9063062902445,0.9931191713539953
4474000,-82907.24109704496,305.87190983127454,0.9842730050063075
4475000,-83063.8099265165,299.24127636961197,0.9787729407676329
4476000,-83299.26661357883,306.51182563256503,0.9862650489130642
4477000,-83526.10185539717,296.3356577591709,0.9902561774162391
4478000,-83003.9050202528,297.7739897271942,0.9854849888927962
4479000,-83228.068072561,303.5356704407101,0.9854984111334233
4480000,-83084.29333099315,301.58214470477714,0.9723516026145134
4481000,-82816.57371086098,297.33574854931413,0.9903023805835224
4482000,-83401.9351917659,300.1042837023372,0.9788218249214613
4483000,-83246.98161154927,299.02455707111,0.9881572258357245
4484000,-82863.47950167762,292.9101664324305,0.9869626029081624
4485000,-82967.07030502101,306.6599493647988,0.9799486958054487
4486000,-82447.19286348758,303.2890371881377,0.9802987788965999
4487000,-82609.3178806958,301.371647341723,0.9827313634466108
4488000,-82714.64486611268,301.97055565870386,0.9735014091035796
4489000,-83102.95838789106,292.18831744020036,0.9883064200955223
4490000,-82866.80283502536,302.19521598345915,0.9870208600685499
4491000,-83107.41242510895,299.48483111807417,0.9867404083000423
4492000,-83368.15345247125,301.4711554105532,0.9891879948576963
4493000,-82857.3322574661,301.1338151811433,0.982948098819703
4494000,-83046.55594133039,303.73078457796595,0.9931749056319739
4495000,-83063.54375522351,304.285240204069,0.9830356876460612
4496000,-83248.36574761529,301.68515929735054,0.9932936253115819
4497000,-82637.02278858959,294.45885443978534,0.976701578176533
4498000,-83286.08133865858,303.4780470375823,0.9931479353395648
4499000,-83138.19065339625,299.938838639817,0.9868337712185755
4500000,-82887.14056375396,305.9477411454014,0.976506237210149
4501000,-82421.2016639447,302.5949375671632,0.9679622713402869
4502000,-82973.28331965324,296.8873993407797,0.9872356499121846
4503000,-83270.78152441082,298.58413092739573,0.983759477987276
4504000,-82782.81976955105,294.9166941777959,0.9820745955935172
4505000,-83672.48271791666,306.7449843649479,0.9872265637729642
4506000,-83116.11083140312,302.06036933793905,0.9832637169043149
4507000,-83163.54041289812,301.9025803802662,0.9841544568573479
4508000,-82866.9845701406,305.930634070233,0.983036377953847
4509000,-82509.75407892402,298.6864846613731,0.9868264451330268
4510000,-82785.10898048693,299.37651950775074,0.9839085661360432
4511000,-83415.79919477907,296.1660777326889,0.9944391223353687
4512000,-82971.70074946829,300.7251886462652,0.9810306682118004
4513000,-82837.57445933542,296.19007496423984,0.9860044384508183
4514000,-83311.83155141544,298.6173813965675,0.9864337038117139
4515000,-83659.63265146915,297.5201630820887,0.9876169946061703
4516000,-82777.80241852347,304.31486675128497,0.9819178040502744
4517000,-82865.54284781631,302.04326844633346,0.9938904183026427
4518000,-82519.96186904295,310.24059904431596,0.9755384425794091
4519000,-82873.83433916402,305.8006904085188,0.9908298673055029
4520000,-83017.74314996251,301.0313034909614,0.9951747255838751
4521000,-83180.68965963268,300.2745753622952,0.9856195105280412
4522000,-83291.04195924569,303.8696676592249,0.9863534188430824
4523000,-83467.67730963387,293.07198733855046,0.9914906822885362
4524000,-82859.04025931132,297.9560275431709,0.9855356227332271
4525000,-83022.09208537667,300.41068341594,0.9699185759332092
4526000,-83304.05263180909,302.7394580156982,0.983808354302683
4527000,-83028.12136556499,292.5918998801411,0.9799986579388871
4528000,-83342.557673464,304.5808479008262,0.9767462560066446
4529000,-82840.36039238068,300.57849951912124,0.9809866731583621
4530000,-83124.48952289735,301.2345810908761,0.9957597577098656
4531000,-83134.56221884297,301.33715054481297,0.987227565038081
4532000,-82927.78088109632,304.98747900642195,0.9813081796803429
4533000,-82767.00928477634,294.0264605324125,0.9792389006304645
4534000,-83106.70125518506,306.8508682674999,0.9893057866470103
4535000,-82461.64508348063,295.16388988001717,0.9839895553405659
4536000,-82685.67505943374,289.8223220505252,0.9778078922633394
4537000,-83132.18116748123,308.259923969092,0.9780423023851381
4538000,-82846.30946375802,307.254200651961,0.9821246547647924
4539000,-82888.04163485847,301.61164391845807,0.9741821977003652
4540000,-83167.42339890113,302.84156835799126,0.9896309069160263
4541000,-82777.3251508429,294.659952214621,0.9859226474023355
4542000,-83065.52643450169,300.4518440959804,0.9811418128514487
4543000,-83211.87628355419,303.54715901873334,0.9793572373291496
4544000,-83061.75021305564,301.501393863539,0.9756986827037647
4545000,-82749.51407487021,303.37563006358647,0.9726414626644545
4546000,-83039.20367717504,299.0337999724827,0.9785431916382421
4547000,-83315.20534127596,298.74394488731565,0.9934737344545592
4548000,-83455.98538112995,296.92626784264127,0.9942766938947099
4549000,-82969.77305054595,300.7888426722799,0.9826097421708757
4550000,-83496.26762642193,301.4139234539935,0.9862232368536086
4551000,-83330.9276180442,301.7412645269161,0.9890305754224626
4552000,-82713.91874122451,296.7650137755969,0.9915257071613085
4553000,-83194.01621305302,306.9034150636281,0.9907221856213871
4554000,-82335.52334564866,299.9027503226321,0.9725751023586329
4555000,-82910.88687420479,306.99152298351504,0.9825551166435478
4556000,-82895.87383460498,295.0253246619676,0.9811245558544888
4557000,-83113.89518523315,299.56267831166343,0.9874786578732426
4558000,-83483.0621936564,298.3651098479788,0.9905709794941533
4559000,-83183.38586909056,299.6806181400688,0.9813174558760872
4560000,-83275.43351370236,297.65671406515315,0.9890422697231338
4561000,-83125.68735455861,305.32045418756906,0.9783799137444147
4562000,-83650.71118370112,308.60076036671524,0.9946097054184959
4563000,-82855.81455932459,300.7579637530256,0.9838119667382773
4564000,-82674.24305713933,303.0930752020344,0.9697686107034452
4565000,-83099.04497565213,298.7590429512123,0.9840084482292519
4566000,-82505.5322801671,299.49825300765514,0.9716290661867913
4567000,-83210.95229225705,296.646416074083,0.983368888312774
4568000,-83222.95913070638,301.84404835854644,0.9905817897022858
4569000,-83333.05229893757,296.4046941002218,0.9770418491784751
4570000,-82912.22125377058,296.3634702825109,0.979852144662525
4571000,-82774.38367724477,302.1185822613747,0.981713528991526
4572000,-83323.5541623201,306.45567489743115,0.9831476495208704
4573000,-82868.90797284723,305.7289153167653,0.9795129348975086
4574000,-83165.04898016021,299.0177697513187,0.9858697776668974
4575000,-82945.66824201279,299.5304586582017,0.9908893699616123
4576000,-82584.35765122296,289.78453769448254,0.9760263277709547
4577000,-82866.12051096105,305.5114323168925,0.9831384321218166
4578000,-82877.12933267828,297.56326433758,0.9652636788796871
4579000,-82921.1849707106,303.68251706939765,0.9926289811895385
4580000,-82831.94410162495,297.1251440085096,0.9826373674851946
4581000,-82903.56695408316,299.2318852701604,0.9852098002291645
4582000,-83410.65598717972,299.47540261482357,0.9826008345126455
4583000,-83050.07153220882,297.2483957685949,0.9869519970313579
4584000,-83256.939334472,300.2104268002451,0.9897064734585053
4585000,-83206.80821242603,297.31400006684464,0.9854537739815631
4586000,-83265.54225991713,290.8580563384033,0.992934528694498
4587000,-83463.10869244486,296.1518222469876,0.9890221314796793
4588000,-82614.78169757407,300.1034095494774,0.9787363109433578
4589000,-83022.00497167045,304.34053185033656,0.9784466287437539
4590000,-83163.10063227569,298.46021494534995,0.9913987699720085
4591000,-82665.45923255949,301.7001091556471,0.980976696991555
4592000,-82891.8006725802,293.39719436019885,0.9744571889690202
4593000,-82943.15207689628,298.78738408180277,0.9796507407832289
4594000,-83278.18189821474,297.921717366617,0.987276248375538
4595000,-83168.89861046389,302.24850055588485,0.9799362652827863
4596000,-82892.65578925348,304.0444720290896,0.9885823984751572
4597000,-82591.16685755824,302.8599062057247,0.9800667431322382
4598000,-83348.15285179298,306.05835648378553,0.9939523509342533
4599000,-83183.76767328888,300.9656750542969,0.9990286753879313
4600000,-82925.02582587185,306.42915873825586,0.9889579057374969
4601000,-82750.41080710961,308.03619437790667,0.9894872294419098
4602000,-82657.83402925101,295.41621476134935,0.9892652918255346
4603000,-82491.44247534592,294.70241927752534,0.977094455779082
4604000,-82885.10053332365,306.49602592192724,0.9800862544123906
4605000,-82636.11442086915,298.52372260889314,0.9822637478705011
4606000,-83440.2240714088,300.56696972405547,0.9799093542647128
4607000,-83260.50478201563,297.733596311673,0.991977926177376
4608000,-83486.69790416659,297.513516290502,0.9886693675342609
4609000,-82963.90774662874,303.1798928422368,0.9887239585427698
4610000,-83259.8598832477,303.95983987590097,0.9855531640648485
4611000,-82971.77215176582,298.12856319016026,0.986479885950209
4612000,-83401.60276091954,304.81070757208454,0.9880851229014972
4613000,-82742.2996552469,302.37321169416026,0.978239197884999
4614000,-83011.37406826159,303.25473136043206,0.9838596252748144
4615000,-83559.82811227179,298.505141745767,0.9923804521197005
4616000,-83262.10127237526,303.8369931579545,0.975829933040181
4617000,-82994.45202232449,293.30906912687163,0.9782628333899793
4618000,-82532.90226491797,300.82233046196666,0.9804322960927008
4619000,-82547.39677345392,300.2556564692164,0.9945289103928943
4620000,-82575.40828928922,302.56531388504175,0.9924640186661791
4621000,-82572.93833799439,302.98459060045553,0.9804013611519259
4622000,-83055.22376262984,308.4797917845668,0.9951448473272142
4623000,-83108.97601765842,299.38904396874705,0.9999461293556468
4624000,-83032.74121702992,297.8571804020918,0.9825150580913345
4625000,-83020.92654908326,310.285053424517,0.9827650349066532
4626000,-82804.05045162368,297.5492389884726,0.9777311245562843
4627000,-82718.77681545459,305.85175590225026,0.9735906235466472
4628000,-82961.62997297826,293.38107303039664,0.9815740691762733
4629000,-83053.85731256002,294.5470186603422,0.9853375738154014
4630000,-83200.99455423566,303.5041459406158,0.9806359154667982
4631000,-83203.953723401,300.22642822785326,0.9817804886900401
4632000,-82817.40958629904,296.46483818676165,0.9870109912840199
4633000,-83114.80529015418,296.8552016861438,0.9759777579088194
4634000,-82737.82599481754,300.9592516199608,0.9844150081591666
4635000,-83374.78425389028,310.35457889117083,0.9815773481905136
4636000,-82841.36724259268,294.2509392275832,0.9763475543938893
4637000,-83319.95432042703,291.6903991970501,0.9825295000907809
4638000,-83270.84900207288,302.91721786797854,0.9810765750807652
4639000,-83120.0116272103,299.37714963252085,0.9768365472729454
4640000,-82846.28867818194,307.4349780093758,0.9795503658597199
4641000,-83139.99931038031,301.8030719929455,0.9795527354202925
4642000,-82841.5641953575,295.61669096021177,0.9814299394838105
4643000,-82338.45513160713,296.01667913187674,0.9824075683008289
4644000,-83381.76913086453,304.14152178523375,0.9804777283369589
4645000,-83194.15282118233,301.75906170484797,0.9853099348668718
4646000,-83370.39261398825,298.61605888779366,0.9928820195200858
4647000,-83171.27798306546,300.5479661971376,0.9787662061068776
4648000,-83283.9713734914,299.186675794182,0.9708979414680613
4649000,-82835.32896664069,303.27846315222376,0.9803525958220972
4650000,-82787.07025739859,302.0705353592031,0.9926282709446868
4651000,-83256.08733040543,296.6204938497608,0.982020279503709
4652000,-83330.97174704762,298.0953061146233,0.9858346195965488
4653000,-83217.00592290383,307.6049645800373,0.994351066420872
4654000,-83051.19358251279,299.70032737407826,0.984339703020911
4655000,-83416.21813348698,303.40517920505005,0.9930839508729381
4656000,-83105.77534599788,301.05468998585974,0.9892547852598067
4657000,-83464.42893854645,301.7900656638387,0.9921780553723454
4658000,-82687.22533674864,295.86935598767536,0.980191733220553
4659000,-82946.56621411984,301.053655049504,0.9821122498592418
4660000,-83171.6606134777,305.088570944463,0.9919561282327987
4661000,-82774.56238836277,302.4197987664868,0.989080363071237
4662000,-82437.76246929425,304.69574860632014,0.9709295919234087
4663000,-83124.12897776725,302.1676406410444,0.9884138945662067
4664000,-83261.66758754366,300.20806135037844,0.9784921826556733
4665000,-83022.06562750845,305.98355576516576,0.9753342067027109
4666000,-83281.9861156891,302.1711995583614,0.9837909757303805
4667000,-83440.12513648585,295.0256777687989,0.9847765443413385
4668000,-83099.00869183074,294.6739412816798,0.9860444199965495
4669000,-83637.04537440522,303.5456865586355,0.982928305671827
4670000,-83281.75777860061,301.5654948640104,0.980403317515137
4671000,-83005.89499661315,304.6679350796485,0.979344918507671
4672000,-83200.47997161897,300.05485358333266,0.9905970503425386
4673000,-83287.45812446938,310.18547604523627,0.9863309681550392
4674000,-83584.08835342148,308.8661109047595,0.9798618632314566
4675000,-82623.22380931064,301.3092048440077,0.977275546858465
4676000,-82636.43871428561,304.47786023561684,0.9808847002353807
4677000,-83200.58872034022,297.46544007956663,0.9806868791470367
4678000,-83281.11456686194,298.66495257810345,0.9826936783513399
4679000,-82335.17268829787,306.67052493353515,0.9864326639498711
4680000,-82983.84795893147,299.10478590036746,0.9814194604630285
4681000,-82867.54172958195,300.14656178568276,0.9861236020877807
4682000,-83083.97402275773,305.3733064808255,0.9853649552008461
4683000,-83142.25252526539,312.18105721127193,0.9820780507653756
4684000,-83042.1388309325,296.7795327435807,0.988419826177303
4685000,-83097.31251217233,295.89568727121616,0.9903543441626738
4686000,-83306.3263112363,303.2762535720479,0.9933030183263996
4687000,-83497.63273106219,301.38267243097044,0.9825414625449629
4688000,-83047.49548939336,304.90263757528635,0.9871318100917814
4689000,-82945.46540009882,303.4236727197729,0.9846233796141163
4690000,-82409.42668471544,298.5184078436577,0.9733105274361221
4691000,-82873.17725176265,296.3864173971756,0.9797356325651521
4692000,-83176.00350285426,301.220241493714,0.9918024387889502
4693000,-82884.3556356756,310.14611430390573,0.9861257235335434
4694000,-82870.9023644022,303.320904928869,0.9829454989404883
4695000,-83050.82747228531,296.0010721076533,0.985661372447918
4696000,-83321.12065751856,299.895692060461,0.978198477159079
4697000,-83174.94510940858,309.8270515191903,0.9749990973858468
4698000,-82778.74828067521,306.43407371543645,0.9875267643424944
4699000,-82594.79435720114,296.3880812240849,0.9710315012187368
4700000,-82975.96348239091,297.74215846071485,0.9865321391876077
4701000,-83121.77194823558,297.8756993818234,0.9859080771247641
4702000,-83391.085972209,297.8148338669712,0.9928643059331838
4703000,-83497.44055873551,297.08268953360925,0.9911668720508446
4704000,-83393.94752898527,296.26700546425803,0.9773856976936756
4705000,-82786.52323747525,300.77245814994177,0.9816463177341989
4706000,-82915.69953090989,289.1703963255239,0.9891437247062024
4707000,-82959.84822306724,296.79235166634356,0.9846047109468399
4708000,-83034.73205138487,303.702641087335,0.9885564220042863
4709000,-82859.86527035199,304.2288634196397,0.9786601443110187
4710000,-83402.92616194615,299.6758385149491,0.9883944032428587
4711000,-83082.67272160918,298.59757641001454,0.9913599920464851
4712000,-83379.53597752121,299.2816144242144,0.9964866394084485
4713000,-83354.31101772864,297.2021562969128,0.9826665458629977
4714000,-83092.9020457344,301.01002213891036,0.9809143611409802
4715000,-83243.20531174046,301.0130328881408,0.9725784067926206
4716000,-83394.47857966181,302.9594059564877,0.9856261644016827
4717000,-83212.98079041805,303.65291497172603,0.9830793779504657
4718000,-83169.66023737943,297.317139038813,0.990800321071821
4719000,-82904.9772189341,298.52725934441645,0.9813196648787434
4720000,-83010.49045943806,301.90295237238956,0.9848818497098585
4721000,-83407.20800992905,299.0547144302556,0.9787214590572781
4722000,-83565.48215132143,300.28935708774804,0.9876906738841522
4723000,-83262.2442548268,296.82188484974546,0.9850177801492319
4724000,-83370.0145157004,297.8101562160184,0.9850127300068766
4725000,-83712.85926643497,303.6139589241736,0.9806087617645207
4726000,-83195.18546188943,293.88626611244393,0.9843980199921203
4727000,-82905.41812637041,292.81825977971397,0.9804344184884797
4728000,-82985.54265460279,299.98725626010577,0.98295260174206
4729000,-82911.11134244793,299.81945605219715,0.9787864410092907
4730000,-82913.28197681322,304.5966570396619,0.9782219217563001
4731000,-83154.7702560635,300.78738657806997,0.9887425007093515
4732000,-83136.225712893,301.45240128486296,0.9906469796496846
4733000,-82532.61292728782,299.6992275411725,0.9850012931692111
4734000,-83221.58148446464,302.6644259520703,0.9835516205565369
4735000,-82819.04711586714,297.00031228373297,0.9772860797995068
4736000,-82777.98326417682,297.4573043749544,0.9840477685925243
4737000,-82967.68701653107,301.93198012123116,0.9907684393181213
4738000,-82824.90603805514,302.69177747835965,0.9791772267825921
4739000,-83303.03486230987,303.64782332924403,0.9839543296892126
4740000,-83271.96074601018,298.8207229220761,0.9779998922515055
4741000,-82967.83477155259,301.55181876559766,0.9811553649713125
4742000,-82905.784971071,304.61608024910566,0.9822868217694624
4743000,-82969.62752289145,303.26348534577244,0.9873081754565223
4744000,-82717.4112319483,298.7532877406399,0.9834874135772758
4745000,-83364.85713594803,298.4018321370849,0.9851303941227819
4746000,-83513.61310481804,296.0124970665677,0.9825528180138532
4747000,-83673.2330439834,294.51510592340094,0.993040821265146
4748000,-83325.86345894478,302.1325839209683,0.991288173753721
4749000,-82998.03912198351,298.45427061489306,0.9863944145823197
4750000,-82822.55523025722,305.85495872174295,0.9685448264442589
4751000,-82846.54406193097,298.1532536203476,0.9844598633236978
4752000,-83130.93695761665,300.85611883656435,0.9871300306487469
4753000,-83082.02278234792,296.44838537533167,0.9876923588217238
4754000,-83217.70540382963,299.8296378889395,0.9822667812471442
4755000,-83200.9989850159,299.31257494942463,0.9828264263902671
4756000,-83088.29590074928,304.66908092843727,0.9837531324785177
4757000,-83409.86126006371,299.32893416083715,0.9763159762401282
4758000,-82976.2426415977,301.21139714321055,0.9845396232555987
4759000,-82620.2363255549,301.34143762825425,0.9883081135855616
4760000,-82754.27392891794,299.53493365900914,0.9851350217643855
4761000,-83020.0298688141,299.5141339820596,0.9804655729993926
4762000,-83399.00666897203,296.18656793161324,0.9785356349059992
4763000,-82853.8148709269,300.8096992154229,0.9845232779330796
4764000,-83024.14074785501,294.4173133518137,0.9838011606484885
4765000,-82960.68189507356,302.6931897231338,0.9808550906904857
4766000,-83265.99849748949,296.47549128562287,0.988433814660779
4767000,-83344.80850454903,303.4012000230097,0.9846467191666615
4768000,-82936.79136578855,304.2372450592071,0.9775013440245192
4769000,-82508.09976047516,297.0940638260024,0.9735500969026886
4770000,-83043.28370879655,302.7099120675055,0.9891130509079976
4771000,-82954.3848908593,295.57448409264055,0.9811793789911364
4772000,-83207.06584837806,300.35185957073884,0.9842703344219416
4773000,-82919.71101549419,299.7580457385362,0.9712026551567712
4774000,-82437.81067039992,302.937180805125,0.9734205678023132
4775000,-83163.68506856257,305.76337183030404,0.9901385179543113
4776000,-83022.61097365443,296.0925510839208,0.9812309865159796
4777000,-83450.41391375777,305.4692399002848,0.9847108482829298
4778000,-82908.01019317622,302.8590387351905,0.9836552313314155
4779000,-82899.478363909,302.53684681545644,0.9765280627631148
4780000,-82696.20287173433,294.18907795221503,0.9773401251795033
4781000,-83446.04747977649,298.16395594840577,0.9887757543907161
4782000,-83165.55321937345,301.3492394857614,0.9849852590771558
4783000,-83356.77808036498,305.37996382031247,0.9965898408587095
4784000,-83753.11760750669,298.24396743687566,0.9741803165696595
4785000,-83441.94289097894,302.7796401763219,0.9825973326271089
4786000,-82702.11191877146,299.73736383892003,0.9867763509005447
4787000,-82927.7502974607,301.685517743206,0.9840550140959025
4788000,-83567.74865966244,297.64153065010186,0.9952101325138752
4789000,-83481.33676504117,310.00842447009904,0.9872082547718948
4790000,-82784.9897105635,301.7718741436754,0.9934149136814774
4791000,-82542.05903065804,299.7419393106247,0.9832610196505023
4792000,-82900.17866099754,302.62527761618577,0.9818472480150994
4793000,-83053.27404796268,298.96947733425634,0.9879111698754961
4794000,-83646.09653075319,296.83681193571744,0.9878181296649596
4795000,-82747.04391875176,295.7946004185346,0.9767600957555745
4796000,-82861.83748427784,304.39749177949136,0.9872896622612757
4797000,-83200.35342364962,307.8556341927579,0.9819036644174446
4798000,-82975.89154012472,308.3419914739592,0.9931483065936063
4799000,-83216.6634229336,299.7209679266136,0.9864739883177095
4800000,-82472.36985899549,299.4885850254837,0.9813866578010532
4801000,-83142.73348955013,299.8974514036611,0.9871767787494734
4802000,-82670.13873502199,294.46583445275024,0.9877478296093386
4803000,-82837.69629934058,297.6988718725636,0.9836880106908159
4804000,-83128.63418406196,295.9005946815079,0.9793065852006669
4805000,-83389.04275719647,301.52228630284117,0.989053919281262
4806000,-82960.35146485467,295.1124841528168,0.9788818595061138
4807000,-82986.46932659514,303.2589296457337,0.9824054227222742
4808000,-82756.18680029188,303.51872569138897,0.9880016921666629
4809000,-82974.94004410185,302.6873961538071,0.9903571633424656
4810000,-82569.5301847459,302.69935242520216,0.9938761189190415
4811000,-83124.73705179285,299.0348022718332,0.9918160036027398
4812000,-83070.98008585285,302.73025058185095,0.9772932062168233
4813000,-82763.84375157626,298.1198558538972,0.9840226496576082
4814000,-83131.966862734,302.3124783418276,0.9902205514463119
4815000,-83157.23275533482,295.5756557107769,0.9859306720023556
4816000,-82858.90202723781,299.84927087084344,0.9896608890239109
4817000,-83064.63681580144,298.71558179981986,0.9797547171543213
4818000,-83267.22423610784,306.43966411109994,0.981416235236561
4819000,-83188.88001239096,310.1358010699614,0.9840416711090227
4820000,-82918.0875958596,298.38258140443816,0.986565504164151
4821000,-83060.36556587077,308.7667603583134,0.9883567494262225
4822000,-82847.79962128418,300.80607084430386,0.9805485603141639
4823000,-82769.97076107882,299.200278141519,0.9800472305388915
4824000,-82564.8728822741,292.1066064434665,0.9829169643932218
4825000,-82779.16915452312,294.14584866887026,0.977136455775777
4826000,-83133.55024532566,296.3997698507671,0.9740968160500525
4827000,-83122.3229479522,302.4704083699325,0.9825304840484984
4828000,-82936.12035748287,290.80650328190325,0.9810365977612281
4829000,-82927.92826160649,305.5960504189857,0.9781252309082876
4830000,-83128.92252551479,303.4151249673265,0.9924255919114069
4831000,-83079.89284158591,300.5284155911502,0.9974556410095224
4832000,-83102.64938312373,298.06333899737285,0.9851135056229321
4833000,-83210.30420694395,296.011148647745,0.9897120840022373
4834000,-83003.14347713062,300.4892360352287,0.9883479846330865
4835000,-83172.9741842334,298.8579020928411,0.9910512287788531
4836000,-83475.57653163903,301.1217575031719,0.9902136085012206
4837000,-82903.6232239175,296.2846176338355,0.981019787316601
4838000,-83134.68151638494,298.5988224368356,0.977727752277546
4839000,-83334.76644635724,297.0357775230344,0.9928307067396365
4840000,-82813.86240084219,299.1104904999856,0.9789682700327195
4841000,-82679.82291434752,303.3200737662757,0.9755378468788114
4842000,-82571.63151795574,304.25957951902996,0.9891142702292541
4843000,-82827.73791948118,304.0711452823391,0.9881192970332222
4844000,-82704.75294715841,302.8320843221598,0.982292963245194
4845000,-82674.13739306811,301.8405761431606,0.9831580245481332
4846000,-82985.25612605916,297.57325242317114,0.975987884819517
4847000,-83081.02692737046,302.49226947719694,0.9835620368069788
4848000,-83039.66439242504,298.4782804369017,0.9771432585583903
4849000,-83183.53255515697,298.0975561583901,0.9880651002895964
4850000,-82828.14233951009,302.6762477173895,0.9888834634249967
4851000,-82967.32465342764,302.1594556023892,0.9806229468430445
4852000,-82933.53637013299,306.4950215563187,0.9765526497870488
4853000,-82570.43175756524,299.0043442608512,0.9778593009456598
4854000,-82936.71415158041,300.97783229025623,0.9786165198483524
4855000,-82977.36044315615,294.31184573222544,0.976787622626359
4856000,-83061.73046853783,300.31774065244895,0.9821437170930195
4857000,-83322.46054541628,304.6154410946678,0.9882750083946212
4858000,-82806.25466295698,308.57572248514947,0.9757922379640928
4859000,-82705.27800023503,300.2618965051617,0.9863472859880165
4860000,-82553.39175310492,299.4201157006827,0.9902035103812216
4861000,-82805.9897590502,306.31852212993067,0.9848704164910945
4862000,-83055.65609175479,304.529879229613,0.9790680917183275
4863000,-83238.88433246803,303.1381482589047,0.9795962060563581
4864000,-82722.00856608019,297.44236290615675,0.981960513370533
4865000,-82988.02540478588,303.37997383073787,0.9712073524376101
4866000,-83016.13825508213,294.62195822277806,0.9884816793644707
4867000,-83116.07588111522,308.28696540233716,0.9829993976904575
4868000,-83245.77009859215,301.3436343852042,0.9806789987216586
4869000,-82930.03159268631,299.35173010597856,0.9793724390160453
4870000,-83227.0029499798,299.4314567366628,0.9812696278595826
4871000,-82627.6198873996,294.85488105782673,0.9760365662897386
4872000,-82238.95717046788,296.59048850488085,0.9797788046303095
4873000,-83292.83648521424,301.9564627967933,0.9790011064823289
4874000,-83121.94137952995,293.3300833379673,0.9879984059848317
4875000,-83294.8495028338,301.2510416480095,0.9847737104326597
4876000,-83464.78597927478,304.80800175552423,0.9798737782324597
4877000,-83518.76783547713,297.29826815277534,0.9783383051535641
4878000,-83214.46443514788,305.10833951744337,0.9716857626954679
4879000,-83379.65516572678,301.547806940855,0.998610721327729
4880000,-82354.32820521598,298.08367971151034,0.9771977184575539
4881000,-82702.49765296205,297.49174627328006,0.9832291807871181
4882000,-82751.13888765418,303.45030137388136,0.9723450630192874
4883000,-83587.61487701873,298.74528920022357,0.9897278015899835
4884000,-83763.31794306089,304.6931040407029,0.9816744064902239
4885000,-83285.88329444866,300.36096108091397,0.993318937940381
4886000,-83319.04408331431,302.9389697111022,0.9806479606350544
4887000,-83296.46576881036,293.9546326739743,0.9838689178233581
4888000,-82789.02928626392,294.8859429586366,0.9789536301518381
4889000,-82709.93373905128,304.61818229087686,0.9804012959603414
4890000,-82526.12230847252,310.91956897879646,0.9671372314757984
4891000,-82972.11115604732,303.1056116990756,0.9763242720587648
4892000,-83325.89535925817,304.7242188163959,0.9917343625758008
4893000,-83468.52210728358,300.61849302564684,0.9898753049592809
4894000,-83322.71977266751,298.9033917041832,0.9904305070861819
4895000,-82964.90841655969,297.6187609708313,0.9717872179400527
4896000,-83192.53650346078,295.4028731565233,0.9852361998152188
4897000,-83292.96288318408,296.8854702233329,0.982738939737337
4898000,-82623.76339342666,302.86592166617544,0.9786196913779689
4899000,-82984.08910740906,306.5146069852682,0.9822265503363676
4900000,-83213.79128369456,305.7771533427968,0.9853105364980009
4901000,-82630.32451770664,306.0377524830916,0.9787184843556243
4902000,-83513.25695338642,295.02008092048584,0.9826128306481027
4903000,-83013.61055585678,302.41128821431556,0.9831754645912553
4904000,-82985.3151935332,308.37586095623385,0.9879934435921341
4905000,-83619.8604963154,301.5891731827985,0.9883054277302613
4906000,-83902.68115692207,293.4121598601667,0.9867903804165299
4907000,-83478.66675973608,302.2227907755999,0.9826020222471059
4908000,-82933.41061688488,293.8815316809153,0.97579537112316
4909000,-83311.69339900906,298.9893670096462,0.9882579321843271
4910000,-83254.71046768897,310.55098330071667,0.9898163695976442
4911000,-83407.82629320933,304.09388753055964,0.9755345426074185
4912000,-82686.75422858691,292.9630555507338,0.9808233428195458
4913000,-83102.03460175963,304.69201030708047,0.9754986064867804
4914000,-82781.49667126051,297.8919995083252,0.9793623976701147
4915000,-83049.10558458942,296.00291990729124,0.9849967560060264
4916000,-83074.41508095141,298.9529495238115,0.9747557618072937
4917000,-82673.35356351553,299.91445963924383,0.9742557717305036
4918000,-83036.67329885322,308.5915240559536,0.9783956241096696
4919000,-82825.60261809593,304.2405171948633,0.9724165075941494
4920000,-83229.81357766397,298.0377194855017,0.9881200594324739
4921000,-82798.55527246994,293.6556337479727,0.9836579036598048
4922000,-83268.06054083438,297.7071807963707,0.9790726139171168
4923000,-82971.51768095215,307.20271357550007,0.9751746564830334
4924000,-82893.83051452984,302.6519772828002,0.9839696917380006
4925000,-82605.0968262541,301.44282705963445,0.9825819850264861
4926000,-82937.15432950802,300.49428487889355,0.9746003480056292
4927000,-82979.29413074674,301.686118813026,0.9813506277327426
4928000,-83132.9172581844,300.62646668161045,0.9855468088711972
4929000,-83085.86443022656,301.01604847331686,0.9780246161369518
4930000,-82966.81789510342,299.6406378967086,0.9760338682708921
4931000,-83312.5012871506,302.5124001677416,0.9886457845721511
4932000,-82763.19921713992,301.7921341182475,0.9851868308650124
4933000,-82781.73972131917,306.44181395117306,0.9818197396342506
4934000,-82969.54552886193,301.10897340471286,0.9773726162717272
4935000,-83202.8748622078,303.49270419308607,0.9914166420863064
4936000,-83060.70195696736,297.625136439471,0.9802024672257175
4937000,-83044.91789759259,298.4698151812816,0.9759257307169218
4938000,-83311.53889567632,295.3410286797263,0.9886655375903783
4939000,-83135.73571863904,295.8464691262801,0.9814109890733242
4940000,-83397.78476492548,299.800352914625,0.9811739839930264
4941000,-83243.94497095532,301.64518561326145,0.9831224606169855
4942000,-82529.03321427852,298.6414669272767,0.9759334646704493
4943000,-83217.03047111968,304.10457362886297,0.98096591737036
4944000,-83426.819225305,292.27583663750454,0.9836120543198398
4945000,-82993.54760931962,294.2521553162038,0.9834157615323998
4946000,-82677.91648013616,299.64108047854944,0.9696804843368224
4947000,-82969.23955543508,301.47265746333017,0.9929381108591501
4948000,-82992.3549254731,303.6043397474204,0.9979619309065625
4949000,-82693.03822227416,294.3627721074054,0.9783926984681669
4950000,-82798.67913929187,298.42374722503865,0.9790486038840835
4951000,-82436.28315711516,303.42553525213066,0.9818574928936171
4952000,-82763.29717613797,301.26364502984705,0.9903884420156319
4953000,-83149.89416718192,301.13990179167973,0.9816797542822931
4954000,-83254.28441294521,309.72892762564413,0.9829822875675553
4955000,-82831.66687805543,300.5014570500805,0.9862688818989346
4956000,-82407.63490772387,298.4581262003252,0.9780696565720833
4957000,-83128.72822860943,299.07905284217856,0.9809469418978711
4958000,-83724.57053889864,299.8567041327643,0.9957760878504913
4959000,-83621.8416473777,297.4824602318624,0.988904794379345
4960000,-83094.89474909077,302.302598722594,0.9876303533549525
4961000,-83311.61584998603,296.383564342296,0.9899941730126774
4962000,-83705.21552057978,301.578846327938,0.9901407016825587
4963000,-83091.59071126563,295.7870930884602,0.9852770759288387
4964000,-82753.67940261628,299.21151999644593,0.9816350880026768
4965000,-82960.1988033725,303.5583745546761,0.9843087230652533
4966000,-82464.28557682637,300.5970114489714,0.9787782856427563
4967000,-82775.0627861736,304.84501756186796,0.9853298492288938
4968000,-83082.17512264522,309.2883975055767,0.9817194389592585
4969000,-83195.22868955729,301.1349476513276,0.9875785909772191
4970000,-83391.1112568453,297.4488777531815,0.9793747465781601
4971000,-82894.44805214467,298.0763692436235,0.9839882862812753
4972000,-82687.1201748898,304.9364773220576,0.9760464096001197
4973000,-82474.37360719044,304.6894139929785,0.9774598676621438
4974000,-82412.37343481102,300.6627738277779,0.9755427671674872
4975000,-82874.99999826524,302.4335537952428,0.9779643067434216
4976000,-83380.67967804946,300.2553191552225,0.9824169506236305
4977000,-83547.5730853395,308.6121155600295,0.9910547833089636
4978000,-83065.43108423223,300.52896345921806,0.9736184341599836
4979000,-82782.73979475169,296.1552789068215,0.980146704542623
4980000,-82872.61917428655,302.6672345802104,0.981728632627617
4981000,-83391.70577139873,303.2710899579065,0.9941014683230021
4982000,-83281.13176165981,296.8429757487177,0.9893335561139865
4983000,-83094.0679888046,302.799877117872,0.9881300029449877
4984000,-82936.05332878005,296.39742486436955,0.9851557730572322
4985000,-82894.30727175309,301.20647885198514,0.9830715080288556
4986000,-82763.10084932804,304.0351043088042,0.9859977316170457
4987000,-82941.36761351494,302.2686493395313,0.9772564701412576
4988000,-82866.81587211438,300.8263050875701,0.9713275124565451
4989000,-82969.48663035658,304.3747362387326,0.9733922205174264
4990000,-82595.26516021753,300.8978018724662,0.9800196631607144
4991000,-83169.63925059035,295.8399659457006,0.9832944193175479
4992000,-83632.91133328271,288.7021422347724,0.9907070201720221
4993000,-83566.8320334524,299.2982678331713,0.9981149915588995
4994000,-83094.85644023138,297.8054807696802,0.9897359622374443
4995000,-82291.13233668188,298.24276707180627,0.9758922698320166
4996000,-82637.40231445845,300.8385879167431,0.9778264018109197
4997000,-83331.65868100664,298.07533793117176,0.9754537825172901
4998000,-83413.65183304343,298.85633630949303,0.9814024184746091
4999000,-82956.72090624418,300.2032982215961,0.9905499108518777
5000000,-83059.88301873027,298.28207002356163,0.9779868878156236
